206,68,32,234,50,98,143,219,82,158,128,160,208,174,83,157,34,144,207,51,84,191,221,220,145,192,110,236,111,127,235,159,67,112,99,126,175,33,52
142,69,17,9,100,162,11,121,113,54,83,233,104,157,21,152,36,48,3,5,322,62,153,137,125,41,119,320,160,151,8,49,224,80,171,77,164,77,112,27,61,80,42,17
158,2,73,32,6,64,71,142,96,1,85,85,117,269,89,363,63,102,5,94,201,20,194,39,88,163,171,162,78,177,215,106,35,131,90,135,47,214,109,75,35,4,9,47
151,77,81,181,151,1,41,139,102,23,138,16,287,9,190,3,4,180,170,47,45,84,65,164,129,186,106,195,166,73,2,205,106,126,14,263,12,90,2,77,2,128,1,3,55
188,13,2,1,35,124,195,3,22,9,57,191,3,70,41,158,5,216,138,236,54,86,126,14,102,166,194,190,236,270,150,47,67,216,54,165,236,1,134,1,2,16,117
261,2,100,34,211,10,6,93,186,26,20,108,15,286,84,1,127,45,95,5,126,80,44,103,152,152,304,4,177,88,72,96,230,1,111,260,146,1,225,10,26,73
283,2,4,1,83,20,157,5,11,154,220,10,6,34,141,56,289,40,5,212,80,121,17,28,85,16,45,127,42,348,21,121,113,39,38,413,18,192,1,357,278,2,44,90
143,1,1,141,6,203,38,43,131,225,17,21,45,198,68,246,10,46,35,250,20,200,163,86,52,158,1,11,186,87,320,127,77,81,94,389,113,210,141,40,1,146
185,1,3,59,42,158,59,22,119,94,29,27,118,153,106,4,46,84,60,86,42,84,22,62,144,5,2,185,232,5,1,243,90,297,1,1,91,156,114,149,323,2,7,68,51,190,3,255,3,6,73,98,65
72,14,3,95,169,67,3,76,23,13,20,69,277,53,131,57,14,32,38,138,75,56,110,9,199,134,26,237,222,21,250,151,106,154,149,3,2,18,159,58,290,223,14,1,29,85,90,113
2,1,183,2,169,31,41,18,27,13,52,267,30,133,74,12,1,109,147,15,61,72,172,245,66,5,296,290,1,73,282,77,51,159,124,19,1,320,9,135,2,178,4,49,119,87,185
246,158,4,5,19,33,11,15,186,1,159,213,178,66,28,45,20,156,253,2,392,202,16,37,53,8,353,1,202,75,212,67,1,176,33,184,263,6,14,6,120,87,88
2,27,10,2,3,242,212,26,18,6,132,1,162,265,116,66,6,83,49,211,201,15,391,290,19,69,170,149,27,328,157,2,319,82,8,258,5,1,82,91,38,5
6,44,11,218,151,10,33,143,98,252,221,65,3,63,69,154,161,36,508,318,40,43,27,168,1,164,179,301,4,2,259,14,9,7,288,18,22,63,76,51
2,42,62,17,341,200,9,29,2,179,56,183,152,25,12,36,9,52,140,130,78,389,195,53,55,8,391,156,200,265,32,311,264,38,1,19,4,98,36
68,88,43,231,206,17,85,2,3,236,13,75,195,36,146,66,32,29,82,201,68,98,305,252,37,27,14,415,224,120,235,6,256,2,1,235,10,178,19
38,12,58,47,214,236,76,17,1,150,70,237,80,172,26,51,26,46,155,120,102,189,139,16,22,393,322,1,206,369,3,367,2,12,190,18,8,6,60,76
41,56,70,36,7,236,278,2,42,79,4,122,310,6,114,132,101,65,2,21,166,70,73,338,230,3,12,294,198,219,365,22,256,2,6,6,12,206,1,1,175,63
62,152,91,2,320,236,59,1,57,9,106,342,8,166,91,62,2,45,1,228,80,35,3,334,155,39,355,275,212,314,31,165,1,183,1,151
49,173,123,212,283,2,131,2,1,1,57,11,12,89,286,9,174,136,65,2,31,173,144,224,279,2,58,329,1,146,110,411,25,245,5,263,1,84
18,169,256,286,219,31,145,14,22,92,271,2,4,133,143,123,229,149,217,60,41,396,181,91,370,78,305,10,8,169,1,26,117
1,89,200,1,232,153,29,195,2,4,16,5,96,135,2,213,336,146,2,11,19,217,124,12,1,159,80,82,549,6,264,127,299,246,94,1,25,91,2,7,2,37
13,24,228,283,159,49,94,17,43,151,210,240,248,139,1,23,19,221,76,53,137,62,66,391,4,359,174,308,139,185,2,62,8,76,1,64,55,1
99,87,252,144,162,42,108,1,3,6,14,48,185,114,196,228,205,17,15,228,81,8,15,89,69,1,98,465,234,20,140,319,216,206,86,4,18,6,67,9,16
13,169,439,13,120,63,106,63,21,2,197,182,183,164,135,28,5,1,307,70,1,67,27,5,190,377,37,203,151,241,244,133,151,18,2,3,79,3,62
15,189,435,46,87,7,127,26,1,10,157,76,3,67,121,198,220,4,20,1,261,82,58,1,12,14,125,492,261,96,171,241,35,206,37,44,38,194,122,3
10,201,424,2,3,9,6,46,24,14,2,1,2,258,82,43,138,188,236,10,5,34,94,31,100,18,7,243,368,43,274,195,127,1,242,58,258,35,6,61,171,251,8
3,123,420,6,24,45,4,1,6,239,54,148,151,271,239,4,26,114,34,200,27,2,268,533,8,171,125,171,123,17,241,6,89,119,2,331,17
174,517,1,23,26,2,10,1,309,100,77,83,237,256,2,44,103,157,4,203,6,202,266,10,237,223,193,129,24,198,2,62,4,51,29,277,24
216,429,15,71,26,210,49,13,70,280,159,93,4,146,249,6,195,400,2,83,253,214,277,122,3,105,7,141,46,44,352
261,7,447,4,2,153,4,50,1,418,102,1,125,158,202,101,5,135,226,244,258,21,77,175,79,357,67,100,155,37,135,320
198,368,261,3,166,2,291,28,3,281,101,311,105,80,340,2,1,50,82,173,25,18,138,56,496,62,118,1,32,57,124,143,5,217
195,314,116,89,88,23,316,347,71,349,34,206,70,1,2,85,1,124,68,305,89,33,138,109,284,157,28,81,156,1,10,21,231,1,10,181
382,318,25,3,365,24,9,247,57,39,77,121,264,9,120,25,228,2,225,92,142,195,3,264,29,445,1,40,233,16,16,69,106,10,198
305,449,10,299,33,287,93,34,86,86,319,15,180,6,94,1,13,5,204,145,168,183,2,333,191,372,7,79,148,1,1,6,57,61,16,130
283,1,490,9,310,12,25,359,85,2,6,35,42,258,190,1,1,42,2,39,3,213,145,167,15,162,7,5,431,180,226,118,49,1,42,45,72,62,151,6
145,477,20,302,6,34,2,255,58,1,8,50,250,170,10,65,2,75,3,242,85,234,24,142,412,208,266,86,33,49,40,2,5,26,116,183,295,2
354,9,468,3,4,305,53,15,363,54,21,1,239,4,331,26,7,22,162,29,241,4,93,6,5,404,102,213,126,24,11,55,110,4,75,166,132,182
241,380,4,274,3,64,8,310,114,18,52,299,3,14,377,12,13,71,32,165,16,180,26,1,27,1,556,22,167,166,14,66,109,28,1,143,255,68,85
232,440,1,16,197,32,8,359,67,13,63,265,62,329,9,53,7,24,22,242,4,113,10,82,288,73,254,160,17,104,40,28,9,138,194,88,259,3
221,305,1,3,186,3,65,17,403,44,2,4,85,271,1,68,422,3,18,9,108,186,1,69,65,4,360,27,289,277,15,51,66,24,1,152,202,47,433,27
297,391,78,125,10,105,1,1,326,29,25,10,167,266,57,2,394,20,2,123,151,12,11,6,102,16,414,338,297,17,21,86,8,7,115,215,18,319
261,327,43,3,121,6,108,202,21,123,22,87,287,14,409,10,11,7,209,135,12,22,4,203,9,413,220,158,25,10,199,5,2,1,110,256,375
257,411,141,6,80,63,193,39,71,60,118,304,3,403,2,18,216,113,21,145,194,6,1,359,151,143,4,112,6,2,70,190,410
178,124,65,15,1,181,120,9,289,432,172,165,189,1,95,2,1,48,15,181,14,352,14,57,64,126,295,1,342,14,103,1,79,17,367,213
105,395,213,22,31,76,15,357,45,55,89,225,226,283,6,127,33,263,143,100,6,2,5,213,87,10,291,138,65,12,12,71,13,212,78,35,6,128,251
157,302,248,8,114,66,307,114,32,122,236,242,293,208,35,252,44,109,196,70,10,217,245,31,1,50,11,247,175,8,4,84,191
65,285,202,15,1,226,85,45,3,245,145,132,77,344,215,351,132,3,238,43,44,1,15,57,108,54,195,232,12,62,242,186,12,25,269
129,373,183,1,69,107,18,11,407,45,66,14,153,264,326,10,250,310,104,128,7,158,90,29,231,268,5,3,11,1,59,217,72,17,24,1,7,46,231
161,324,107,7,4,100,122,16,1,296,57,34,151,202,4,303,46,189,450,62,140,204,76,301,2,305,2,70,147,16,6,19,5,130,318,15
1,196,312,203,1,132,178,61,5,246,42,35,6,165,338,16,248,75,100,347,52,144,190,7,33,12,358,7,258,7,16,2,68,199,10,24,2,70,2,295,12
199,239,149,1,169,224,162,9,161,31,27,155,221,2,22,327,1,37,112,361,29,142,2,121,54,397,23,201,14,7,85,11,154,60,17,6,3,91,333,42
110,1,224,163,1,109,106,128,91,303,21,137,151,297,5,283,147,1,164,317,9,83,1,75,63,7,297,27,116,2,9,195,272,78,35,78,45,2,111,100,54
80,327,127,190,82,140,218,261,21,172,220,247,3,361,52,4,224,9,300,2,68,2,1,2,9,36,16,259,12,121,1,102,16,154,55,70,92,15,71,79,52
116,168,282,6,2,2,22,214,13,122,184,180,22,180,258,178,10,373,1,63,190,11,315,48,2,13,9,150,290,26,191,12,2,162,64,162,98,25,79,10,26,105,66
15,291,212,278,4,1,19,1,165,36,14,126,166,80,156,147,1,363,9,154,164,245,9,49,47,47,24,263,171,228,20,138,87,45,50,28,2,188,177
375,6,213,349,2,231,11,73,104,171,5,59,64,180,18,366,242,130,121,5,39,84,2,51,30,435,179,106,37,66,27,48,31,25,3,5,1,285,95
349,2,131,284,51,222,76,91,167,2,44,38,207,10,337,186,158,276,28,72,1,69,27,324,16,241,5,134,131,1,13,18,12,6,10,387,79
3,412,1,174,217,3,95,157,63,6,50,204,7,42,23,153,2,10,304,201,291,246,13,91,60,44,135,345,10,239,5,99,2,90,12,43,6,30,35,8,15,494,1
299,215,181,12,60,176,61,2,150,3,30,132,435,7,236,218,347,38,20,71,70,186,313,251,30,23,43,40,1,7,28,10,104,21,430,7
61,179,8,167,241,29,57,233,73,1,2,152,1,66,101,316,196,239,3,367,24,108,102,6,149,2,354,326,42,95,72,26,5,18,12,72,1,15,505
67,325,49,121,177,1,123,178,123,265,44,134,52,387,11,1,127,271,281,38,2,181,70,104,258,158,46,1,123,135,3,1,17,45,11,17,327,1
116,170,35,157,319,20,247,228,232,27,123,113,346,94,157,270,2,10,3,120,26,144,259,58,211,7,79,128,21,4,2,33,88,1,98,539,5
182,282,27,199,189,26,221,240,267,1,111,8,9,370,4,45,180,192,15,1,174,3,150,182,38,255,53,27,59,208,114,11,76,2,50,146,304,11
107,184,34,190,5,177,12,212,319,14,215,26,105,66,229,10,25,76,281,175,1,170,431,19,211,63,88,8,27,190,155,11,7,71,7,73,8,97,292,38
122,228,54,297,172,19,7,237,250,357,39,49,61,193,8,38,1,303,6,9,232,170,313,2,273,61,156,6,4,144,120,9,93,10,3,1,1,101,303,13
178,211,135,318,1,153,3,47,3,190,351,257,21,13,139,68,7,323,6,18,1,197,3,107,323,204,102,148,20,278,112,46,37,1,20,15,65,277
185,246,109,181,9,212,2,69,128,320,388,23,46,89,76,9,151,1,305,22,197,1,47,310,20,201,126,73,5,254,186,1,47,2,6,16,5,299,1
87,297,84,259,6,197,148,187,330,1,400,29,121,139,3,22,145,4,280,194,4,32,196,175,146,58,301,118,2,13,1,109,26,1,1,16,1,319
80,391,42,500,57,179,124,19,83,275,301,29,126,160,39,4,66,1,4,243,2,18,1,228,115,108,129,8,382,202,3,28,135,11,12,1,24,6,2,44,276
11,304,67,377,6,268,93,26,45,120,445,79,121,169,39,27,121,40,231,94,230,20,120,208,31,314,133,3,79,193,98,2,3,320
3,281,129,227,230,80,11,41,58,195,474,89,103,160,126,22,84,2,2,5,132,6,53,197,1,308,48,157,165,5,362,102,25,29,114,134,5,11,19,32,5,255
311,6,274,292,205,16,1,4,43,257,318,2,119,128,65,3,12,1,85,6,1,116,13,49,201,18,31,307,8,2,167,177,334,61,53,141,124,5,1,52,87,5,256,8
317,304,250,208,50,328,411,218,91,50,42,8,49,5,73,28,2,315,25,305,143,188,8,410,113,70,7,124,174,1,12,6,111,8
274,4,463,25,273,7,164,1,2,32,362,346,80,86,54,1,52,132,21,198,368,5,154,173,11,375,86,28,203,160,18,2,31,218
267,449,34,242,1,185,22,326,288,53,103,2,20,16,24,3,13,117,6,12,209,478,154,144,284,64,88,206,79,2,3,8,2,8,45,348,1
237,295,20,266,149,46,14,409,401,82,199,10,35,79,31,30,205,5,4,237,341,5,106,169,24,362,109,86,167,120,2,1,141,162,17
163,362,1,257,61,38,23,352,268,6,174,139,1,4,43,32,14,43,9,248,1,196,5,366,1,179,135,52,405,19,111,8,207,143,81,1,116,123
109,490,3,287,10,3,16,4,329,442,23,211,306,3,12,16,291,187,401,2,1,129,240,349,112,3,211,36,41,13,1,137,15,4
123,399,11,283,12,2,316,357,25,243,331,24,7,1,296,1,228,462,10,9,144,206,4,351,85,18,195,24,44,35,4,10,250,41
2,2,210,252,12,369,416,11,225,210,3,116,12,1,417,53,284,2,215,11,88,309,84,104,171,235,1,47,3,168,17,9,18,266
142,444,40,318,1,1,1,159,330,178,136,339,4,49,51,10,205,2,1,11,146,89,390,2,121,141,278,29,13,162,59,118,161,5,39,13,120,62
313,321,88,223,4,2,9,24,296,280,204,344,234,2,15,43,8,4,162,5,200,19,310,115,160,11,357,5,134,20,138,193,27,3,1,38,68,6
322,1,383,32,174,22,21,2,141,259,275,181,311,173,38,1,25,232,3,227,65,2,239,93,178,84,501,32,112,95,133,21,11,96,65
308,8,440,64,242,1,127,23,167,314,173,202,419,3,3,1,32,27,1,145,3,179,90,159,3,45,201,92,385,12,47,92,152,4,1,1,2,12,79,73
322,101,336,96,201,3,47,38,2,132,264,104,99,468,14,2,26,11,72,15,267,90,118,22,106,124,90,473,37,44,239,229,2,20,211,49
293,160,318,61,306,12,82,30,4,152,286,92,132,369,85,9,16,153,2,202,78,223,85,250,78,389,21,224,52,1,2,64,34,236,39
147,249,310,31,111,19,19,7,31,214,299,153,164,541,83,4,22,3,1,1,25,192,4,14,1,212,2,237,14,337,2,73,406,10,125,42,18,1,2,93,146,41
294,239,340,82,120,22,40,21,153,258,158,118,260,45,5,13,23,128,295,45,29,3,3,178,60,8,9,246,164,408,33,194,46,7,41,4,14,15,2,2,183,89
401,231,418,35,109,11,71,149,234,161,124,248,10,24,17,6,52,1,189,40,2,201,3,90,2,334,206,395,21,244,15,14,13,59,3,43,1,3,131,150
398,300,396,12,98,50,3,135,200,256,164,166,286,22,36,131,40,17,5,291,7,264,4,345,126,175,1,1,136,4,13,9,3,2,2,8,8,36,102
286,219,475,4,77,40,1,152,168,520,40,131,427,13,3,1,24,4,8,122,9,2,198,14,195,1,5,2,322,150,316,101,31,3,65,13,1,231,64
318,224,632,32,103,9,42,61,174,365,88,103,296,9,15,20,249,4,198,10,216,30,19,287,156,302,99,9,5,8,31,22,228,69
398,289,406,36,146,15,190,149,405,51,153,316,10,12,4,109,9,2,154,5,287,11,17,336,113,319,11,148,67,8,52,25,18,229,1
365,357,358,18,114,3,254,120,619,20,83,379,14,3,2,38,34,29,128,12,210,8,87,292,3,84,293,2,105,20,1,54,18,1,27,300
401,385,467,12,150,2,326,151,447,15,17,336,25,43,85,20,92,165,29,149,1,1,72,319,2,51,351,122,12,10,8,2,2,164,2
289,7,299,385,3,229,2,398,170,304,28,11,474,5,20,1,4,77,4,12,28,96,53,141,27,275,44,44,302,4,309,70,7,2,52,4,205,2
296,20,189,388,236,6,315,52,209,178,13,3,511,2,48,1,103,28,64,65,107,43,138,38,98,246,68,497,73,1,1,117,190
276,203,438,2,243,280,129,191,183,9,453,12,5,64,1,88,2,1,46,4,133,276,63,209,3,78,202,2,136,349,1,2,6,8,2,371
90,241,4,152,240,21,235,221,421,4,2,231,65,227,275,138,38,535,127,178,9,9,3,7,203,2,1,1,51,33,152,9,2,1,405,8
318,207,465,4,302,3,332,73,120,180,2,289,5,15,19,1,135,57,45,2,40,72,272,25,281,6,13,237,3,24,375,3,2,7,4,25,1,8,336,59
19,6,340,73,182,280,382,276,3,227,2,329,1,325,13,55,400,186,294,2,23,314,7,33,95,2,2,2,159,3,31,7,213,70
289,401,238,26,203,314,16,150,385,7,1,179,64,124,15,168,8,77,1,2,89,241,261,17,1,276,2,245,8,112,4,1,31,23,182,145
271,288,194,28,298,1,246,103,176,384,2,282,2,35,131,1,167,77,49,134,18,6,270,26,199,1,431,8,92,4,1,45,65,383,25
7,228,86,106,3,393,330,165,6,211,1,120,2,325,249,107,438,145,243,21,70,6,411,20,3,152,17,1,15,52,155,71,174
151,316,113,2,259,9,318,218,142,370,13,318,1,14,217,5,158,14,26,5,17,114,157,1,352,67,77,26,407,29,17,16,1,3,6,168,277
46,75,134,178,380,1,218,161,10,105,204,2,4,1,72,5,482,205,47,254,26,445,47,107,43,4,37,2,6,185,2,1,185,12,6,1,171,146,295,5
48,241,115,12,218,4,260,241,31,241,1,244,97,9,171,4,1,13,1,1,232,258,10,259,37,86,10,46,28,24,452,42,101,7,4,8,203,422,36
5,204,123,15,129,329,179,4,61,357,17,257,22,261,4,45,13,136,3,51,12,12,187,253,151,15,95,48,68,136,364,52,87,3,13,112,315,259
4,185,77,16,209,275,207,1,158,84,7,270,11,234,14,14,10,148,3,8,75,20,323,122,10,170,1,53,90,20,59,123,309,35,143,21,1,165,2,403,288
1,232,63,52,142,13,221,105,223,3,39,13,311,243,20,78,70,151,1,71,38,358,159,216,66,99,11,109,94,197,7,160,136,2,4,95,8,261,221
158,56,93,66,164,140,1,287,85,24,380,319,36,112,34,151,61,100,230,174,40,263,27,84,2,55,176,210,149,104,2,15,96,14,227,189,4
274,39,27,83,239,94,4,394,1,165,31,297,333,47,37,66,97,47,2,45,10,45,92,216,10,168,30,5,92,5,84,243,262,168,133,5,79,37,3,179,225,16
7,207,27,12,7,332,220,5,255,166,76,267,423,51,10,9,94,7,49,1,10,12,28,94,262,11,325,2,9,52,4,199,296,4,136,139,1,67,58,2,1,210,1,6,148,25
200,23,2,1,357,166,5,180,19,1,236,52,233,279,40,3,30,63,64,121,29,2,6,35,12,218,464,2,1,39,7,331,412,228,56,3,1,61,63,23,106,21,3,178
5,155,3,197,139,17,317,156,80,434,298,130,67,75,4,132,46,10,117,8,226,3,373,2,6,6,65,263,297,135,304,4,1,99,44,27,90,1,61
24,151,47,21,15,4,124,53,19,266,265,35,366,201,172,2,128,149,4,179,75,16,163,156,2,419,2,5,7,32,165,434,25,3,123,243,73,48,14,1,163,11
11,109,11,59,3,188,2,44,188,13,257,31,326,300,223,167,156,8,266,12,9,128,127,2,323,1,4,11,319,384,13,22,1,151,266,2,1,90,35,46,54,3,18,1
3,206,37,1,292,6,58,152,12,285,33,333,233,133,1,28,88,227,14,20,17,195,120,382,3,27,324,429,74,9,12,154,196,4,82,13,53,140,1
9,5,122,10,28,31,290,16,15,141,18,390,45,370,3,288,121,55,119,49,216,25,74,93,197,239,1,4,1,264,360,99,83,2,141,206,38,50,6,19,63,7,13,5,5
20,19,184,3,5,18,233,10,9,52,131,24,2,301,47,327,14,606,163,4,77,25,5,177,97,49,128,181,1,18,1,210,335,70,135,75,82,234,66,1,4,5,20,135,25,172,2
3,48,124,70,49,1,160,23,72,260,1,15,378,30,356,3,3,400,106,145,25,2,150,64,4,194,1,273,24,12,214,240,145,99,83,54,144,68,112,10,9,9,168,8,102,34,12
1,50,226,44,13,7,197,44,392,18,438,17,224,1,367,82,160,59,4,235,2,1,35,2,154,3,235,48,3,23,11,176,134,134,63,121,42,230,126,86,1,15,227,107,11
2,119,101,45,5,107,12,281,6,295,347,322,76,222,14,263,2,11,9,54,29,125,4,257,1,4,2,31,221,268,99,118,95,201,87,118,39,2,159,99
2,109,159,32,10,139,53,32,203,65,372,397,401,122,7,173,1,7,9,154,8,1,1,5,72,169,299,9,18,93,242,238,89,164,65,74,66,60,5,1,2,210,45,2,1
27,37,71,2,1,197,15,1,35,143,104,339,325,16,1,426,148,42,169,2,90,1,4,132,83,292,12,2,37,201,368,154,302,122,137,40,31,4,1,287,85,4,1
100,59,85,7,6,152,37,1,79,109,60,250,415,22,31,283,211,67,140,113,1,37,200,39,9,286,2,1,40,268,169,86,261,166,145,82,110,7,251,123,82
7,159,70,17,4,16,156,9,53,330,137,213,223,19,17,36,255,172,27,173,12,15,3,82,148,36,45,231,8,13,261,103,68,309,151,108,13,234,3,344,112,29,2
12,167,168,23,24,164,90,290,132,205,1,212,47,24,129,117,128,197,2,46,78,188,51,178,10,4,221,73,35,230,101,163,3,139,8,2,234,100,240,36
154,305,9,14,47,168,67,126,8,207,151,164,100,47,226,193,43,99,37,3,1,3,4,143,8,49,263,13,58,4,234,138,196,205,95,85,11,345,118,225,13
17,159,171,2,21,200,21,37,158,2,146,69,3,134,155,17,3,144,392,102,111,1,11,37,15,6,135,25,5,106,191,63,6,164,137,46,137,178,86,191,10,2,1,7,341,4,169,277,61
2,106,131,27,364,36,37,131,8,162,1,9,120,54,16,2,14,109,315,109,137,1,33,12,148,8,60,1,253,196,2,18,1,148,104,128,236,14,84,36,109,47,3,266,229,360,73
91,120,3,14,56,177,11,6,85,1,185,9,174,162,83,2,129,276,88,73,1,3,7,206,58,74,149,209,1,267,133,121,215,14,150,36,196,18,6,1,200,142,307,1
75,88,58,46,253,20,12,136,7,139,58,2,3,158,180,249,85,258,71,140,3,205,68,39,39,171,6,16,123,96,109,130,4,171,113,231,51,3,7,32,8,246,38,160,368,18
31,38,281,63,132,5,166,4,268,1,10,218,167,183,117,199,69,5,204,37,10,216,2,31,14,211,31,122,217,34,41,189,196,208,1,2,19,1,85,88,151,395,31
22,5,217,76,30,9,118,3,182,24,202,228,104,143,191,23,192,22,219,13,2,190,26,6,1,69,217,10,76,253,320,288,21,113,164,44,16,180,333,62
6,24,1,206,114,98,2,204,4,147,1,2,7,91,283,135,142,259,21,170,16,26,6,280,73,9,5,42,4,3,35,364,48,26,148,358,414,13,115,114,5,2,147,262,121
5,3,330,63,53,7,159,153,3,18,16,160,111,118,102,268,1,267,36,228,19,5,9,2,62,11,1,42,469,25,11,231,255,392,113,132,15,3,2,127,164,192,26
2,241,115,103,7,11,1,63,4,130,153,8,283,163,56,98,169,1,249,8,10,300,66,24,31,89,75,40,5,6,362,6,128,303,358,171,120,108,3,158,100,79,26
7,179,74,20,3,29,84,28,197,25,256,148,56,103,261,331,6,3,5,387,45,3,98,12,135,15,375,104,216,315,11,196,28,199,26,110,57,144,118
77,134,45,21,3,56,149,39,279,49,336,112,20,259,219,11,3,359,14,367,18,7,98,165,342,14,91,153,125,5,3,149,293,102,5,82,235,48
1,76,184,17,9,20,5,95,2,11,219,54,235,189,10,110,234,10,8,354,29,21,1,391,55,12,129,107,2,424,4,80,203,291,13,1,174,145,155,31,108,1,90,115
39,104,91,2,35,77,4,2,44,148,2,209,7,274,163,2,89,114,17,4,304,1,9,370,105,27,4,62,5,5,5,351,13,76,67,153,253,1,158,218,172,62,209,5,73,176
56,95,28,2,28,175,11,125,42,193,2,313,115,2,7,267,83,2,258,2,1,2,340,130,22,34,6,55,426,55,72,107,133,148,3,76,3,300,64,116,177,12,23,204
86,48,54,21,254,1,10,109,4,161,1,381,134,304,118,321,26,1,492,145,20,57,109,32,292,23,16,230,108,28,67,166,113,190,168,1,155
12,19,130,221,13,15,124,118,3,425,214,293,1,195,338,1,282,143,4,45,42,17,373,17,45,222,193,20,78,163,175,235,173,86,2,188
17,21,58,15,268,2,4,197,136,415,91,257,138,359,3,1,257,201,6,40,15,61,5,390,55,21,190,185,19,1,6,22,283,137,165,140,102,2,197
30,11,263,1,44,6,92,2,253,347,166,150,65,1,383,3,35,2,277,194,67,34,84,3,418,28,24,253,381,5,2,211,53,308,102,56,192
42,90,257,2,41,60,34,287,338,140,110,109,3,385,1,35,7,1,204,219,99,17,11,141,9,563,21,120,200,34,6,24,216,81,287,29,7,20,207
31,95,2,222,2,5,1,40,77,44,374,12,459,172,92,184,10,360,24,41,6,294,238,59,1,184,301,25,2,181,246,97,29,5,188,11,240,7,5,25,129
6,146,1,165,4,39,5,108,184,268,151,35,161,7,363,7,18,8,416,190,1,18,19,116,329,92,321,194,188,13,204,102,434,72,5,55
142,80,2,44,106,242,4,442,194,27,156,265,1,78,16,410,136,25,1,139,1,319,210,3,219,127,194,2,158,181,348,91,25,48
24,33,241,7,1,99,39,5,157,41,4,149,461,108,47,151,13,182,28,93,33,1,371,27,11,24,12,7,64,6,277,170,59,402,219,152,3,3,97,109,368,9,21,45
101,214,3,73,15,1,1,25,4,138,43,7,240,1,319,129,42,172,211,3,98,12,1,283,2,26,33,6,25,3,279,226,84,339,213,201,24,91,518,22,58,18,72
91,132,84,18,1,35,10,1,93,70,14,172,9,331,76,12,168,204,7,5,58,8,1,275,9,1,10,24,74,338,201,101,457,286,173,24,15,58,591,99,13,53
61,66,17,44,22,25,1,86,17,45,16,5,314,1,290,44,150,8,293,22,1,23,11,314,1,77,2,290,342,245,122,391,297,157,3,16,19,447,91,2,64
53,49,5,65,28,43,1,116,32,6,303,13,12,244,1,77,233,62,256,21,3,2,3,32,282,4,5,5,12,2,264,245,264,92,440,384,106,4,33,351,130,37,74
58,3,12,44,65,15,14,25,241,56,80,283,125,192,101,253,2,25,318,60,25,21,1,6,28,204,316,239,77,377,298,156,2,4,468,32,125,105
75,33,42,124,6,16,71,159,30,103,411,78,29,155,75,305,3,1,6,156,1,122,14,30,14,27,2,236,283,231,94,383,285,36,3,509,42,122,2,135
21,1,44,9,53,93,4,43,124,117,13,113,426,38,34,142,158,320,1,30,2,3,227,34,54,59,1,49,7,203,224,206,28,296,374,68,1,1,384,4,116,1,148
2,28,3,10,9,67,90,53,43,30,202,118,9,125,389,41,1,108,96,358,7,79,7,242,21,15,9,45,221,232,164,439,341,77,1,467,31,108,121
9,3,38,28,44,60,59,7,139,189,79,284,98,4,215,66,250,1,2,21,1,198,21,8,5,79,5,310,205,179,1,278,422,140,7,10,500,60,152,2,104
14,20,4,3,23,20,40,101,3,195,216,79,456,17,5,215,35,259,6,15,320,26,5,20,24,1,2,303,204,201,308,358,184,2,3,2,2,408,114,146,7,6,69
3,7,1,3,35,98,57,7,122,170,72,244,97,21,193,26,281,132,39,269,40,20,28,1,243,247,324,439,257,122,5,9,457,83,151,5,106
4,1,1,44,3,6,47,133,92,78,139,39,372,142,22,199,17,228,224,18,213,26,43,54,11,210,258,179,290,305,139,30,9,356,97,215,4,2,84
4,1,6,10,108,64,18,59,119,15,3,295,152,2,200,149,194,55,360,30,31,13,30,67,1,29,275,267,248,2,257,393,129,22,407,174,108,43,17,73
8,36,1,116,19,43,114,201,112,301,112,2,33,167,1,122,45,236,28,6,32,65,49,2,2,56,38,260,187,326,3,418,236,110,101,503,192,84,9,4,80
14,6,339,1,45,26,22,335,75,10,206,121,3,12,1,135,1,216,37,219,26,119,216,68,6,7,67,223,172,313,398,171,97,66,325,71,86,24,84,87
2,8,13,1,2,279,14,94,323,126,13,241,117,1,150,245,130,130,58,13,75,173,47,1,1,66,316,121,249,338,210,179,386,80,15,110,43,33
1,3,2,4,3,2,210,90,245,128,1,286,255,1,2,81,8,215,2,196,112,73,2,151,144,96,10,41,234,153,285,370,224,101,8,1,7,471,74,25,137,58,27
1,16,1,1,206,24,192,213,92,272,256,6,183,2,156,27,236,50,9,33,224,89,47,8,275,80,237,296,167,125,1,514,119,49,38,75
6,8,51,39,239,38,131,9,163,104,323,206,4,146,5,159,54,338,8,4,9,203,39,17,31,10,309,1,45,209,36,439,174,112,402,111,96,47,106
4,9,9,27,23,5,173,17,88,1,320,29,385,156,98,55,1,222,67,452,7,220,36,126,6,2,233,57,284,64,304,115,148,3,1,512,105,33,5,78
14,1,6,23,17,8,154,157,314,10,383,123,4,92,8,213,96,282,6,49,5,220,64,82,28,35,222,68,209,161,372,61,65,25,27,6,1,461,122,51,132
26,46,1,14,11,59,30,168,178,3,231,47,342,1,52,6,41,4,3,5,291,72,303,7,5,186,38,104,101,66,94,395,2,54,153,167,299,121,48,35,2,423,82,18,88
1,84,10,6,1,168,210,316,76,14,251,7,3,9,36,356,74,317,1,14,220,44,33,61,160,73,324,87,179,209,278,110,13,14,25,379,40,124
2,30,10,38,8,12,13,167,174,326,86,510,8,3,30,61,39,2,245,72,303,55,9,169,64,29,65,142,10,45,348,5,35,98,219,364,15,8,52,414,5,21,1,193
8,3,7,59,57,15,318,249,406,51,272,20,59,3,107,22,2,3,8,297,110,230,46,3,11,91,13,34,107,151,34,6,259,4,63,198,351,7,10,96,410,18,138
9,8,121,25,50,313,171,192,33,348,24,33,85,17,8,2,205,82,347,1,134,30,2,134,2,48,94,95,39,291,170,159,273,2,17,48,13,92,465,43,18,52
5,4,108,72,43,437,220,1,250,14,192,43,3,137,12,3,332,143,266,4,79,2,54,83,155,23,26,352,3,93,154,271,104,8,29,404,39,68,61
30,13,1,67,54,41,259,117,364,7,170,8,4,15,213,3,390,116,398,51,84,8,31,15,64,132,155,35,325,47,224,205,111,12,5,13,578,66,10,93
2,6,20,35,3,46,85,101,51,428,226,6,14,203,7,5,332,108,357,46,160,24,130,69,114,13,92,347,3,149,174,250,213,13,1,5,411,4,124
4,8,7,111,40,85,8,160,4,91,9,282,159,50,2,228,11,9,325,76,333,176,135,7,16,2,122,124,121,31,5,252,178,250,194,148,17,13,69,480,1,81,14,72
48,9,180,19,25,109,55,370,19,190,6,2,72,126,2,23,194,87,304,125,115,40,58,202,112,254,32,3,240,118,272,240,192,2,3,7,39,401,33,30,41
9,208,37,245,20,228,15,167,82,1,155,6,1,89,5,106,469,266,39,12,71,189,111,211,39,329,29,257,319,226,13,6,21,295,81,26,47
250,7,8,28,123,95,2,158,57,183,3,13,11,171,133,70,80,367,250,47,227,75,247,20,109,271,40,7,232,374,215,4,2,26,488,35,37,28
7,32,27,50,56,112,1,131,21,219,21,56,214,32,22,5,195,43,79,458,213,65,10,217,122,255,4,51,145,5,342,285,357,1,10,303,247,16
1,1,1,29,44,54,1,133,6,212,3,329,1,22,165,72,19,271,148,404,85,129,2,194,162,180,15,22,201,1,165,364,368,2,402,126,32
3,6,31,7,43,139,95,365,5,10,185,97,17,17,191,115,313,152,79,30,5,252,126,251,7,11,247,2,214,417,238,23,20,474,226,2,11
630,212,54,7,14,1,3,221,136,159,42,18,44,2,2,262,16,53,272,11,318,318,5,77,261,8,3,128,164,4,30,2,412,205,186,6,167,10
641,118,190,1,8,20,251,120,191,14,12,10,153,109,54,290,221,358,15,1,375,9,3,174,278,18,5,29,310,41,215,140,28,67
8,32,14,10,8,2,3,62,5,342,45,1,200,327,10,98,63,466,69,126,2,12,134,178,191,1,19,286,59,183,264,316,3,7,65,360,314,1,67
178,2,15,81,6,40,24,5,440,4,5,15,202,362,2,3,26,64,439,58,47,1,3,6,1,94,117,142,2,280,1,120,4,283,310,281,16,9,81,4,420,225,4,85
3,38,130,11,3,48,50,27,6,284,1,30,70,163,331,2,28,4,351,43,56,3,124,175,183,325,33,17,246,380,336,19,94,16,379,298,70
24,11,153,1,18,41,6,1,16,20,2,1,7,352,69,86,48,158,334,7,5,16,53,442,82,18,86,122,179,140,10,46,198,399,367,17,48,14,56,398,258,18,99
19,77,127,1,23,1,21,28,2,268,139,51,69,135,300,2,31,25,515,85,53,123,121,89,249,9,6,22,201,307,405,9,61,1,292,269,6,116
9,73,166,4,4,6,10,99,7,16,371,265,38,121,192,393,13,12,5,345,80,12,9,9,89,119,70,221,12,204,395,238,2,48,3,39,299,245,6,173
29,156,3,5,100,31,6,1,393,307,82,200,135,309,9,1,3,1,13,2,333,125,16,7,33,48,105,137,7,3,294,5,186,485,214,11,18,145,219,130,4,124
23,82,7,4,10,96,57,24,498,237,90,76,128,3,242,6,484,218,9,46,11,104,44,100,12,22,286,47,2,190,391,126,2,98,190,164,219,4,129
45,127,2,9,14,39,4,52,127,90,467,269,4,45,119,188,1,11,24,296,186,23,47,2,31,70,95,57,3,309,110,108,461,143,1,1,82,428,213,15,187
76,82,2,50,14,4,117,83,5,1,248,188,81,135,315,17,22,50,323,131,6,39,55,4,111,103,30,271,19,107,4,171,393,73,1,8,6,83,268,276,107,249
49,78,9,1,69,1,14,189,6,136,9,6,351,180,1,120,65,26,317,88,4,34,76,314,46,35,28,16,55,109,16,283,141,86,188,356,68,19,5,25,333,167,74,221
6,77,5,26,36,209,111,140,105,514,310,97,66,5,290,121,25,408,23,42,1,48,8,22,23,274,94,25,220,304,79,103,1,13,44,279,129,2,157
4,2,145,4,1,1,236,116,125,113,45,373,132,14,138,24,326,57,56,31,335,3,43,8,32,48,175,12,232,178,7,250,271,18,88,3,52,332,123,6,164
6,150,10,2,2,295,129,42,196,46,377,182,47,330,30,306,76,35,32,14,223,1,11,31,19,44,54,33,369,192,119,311,6,115,1,19,254,122,18,154
30,173,46,18,4,1,334,174,74,6,290,7,264,320,83,259,1,391,1,56,6,19,27,58,296,1,32,15,11,15,57,244,171,57,223,102,2,61,257,70,1,153
63,158,160,3,6,8,322,194,17,238,19,379,274,61,208,338,1,96,9,60,22,171,4,43,94,32,15,5,24,123,223,10,73,231,77,12,1,38,375,48,141
104,127,1,19,24,392,174,8,251,21,322,239,79,57,218,8,56,27,5,42,34,154,18,72,1,74,62,62,3,9,226,286,2,234,369,68,1,67,423,16,15,120
156,123,10,12,1,8,3,331,139,271,28,453,332,1,17,274,96,16,2,1,34,108,13,2,100,18,94,128,38,1,38,296,166,193,285,81,2,4,135,373,39,3,80
257,116,28,2,1,6,14,352,191,273,36,299,224,16,393,115,4,20,43,128,25,6,121,78,11,154,10,137,4,280,153,196,115,6,4,1,209,268,18,96
14,331,111,106,5,1,8,8,7,271,202,366,26,394,149,59,2,339,12,87,5,9,5,82,129,1,147,84,198,25,4,55,13,1,206,156,11,146,172,5,14,114,418,60
266,121,120,2,4,7,5,294,210,1,322,40,371,178,6,11,366,27,81,15,5,29,25,65,5,120,48,230,5,90,1,220,224,185,119,3,13,9,84,389,61
388,201,16,1,1,3,2,259,225,3,176,11,300,195,1,17,27,299,93,85,89,95,60,247,7,227,8,26,20,229,170,269,153,2,15,31,417,1,73
81,285,170,6,288,178,237,316,172,4,1,55,274,148,133,2,5,10,1,17,11,47,238,7,7,225,1,68,266,209,224,223,2,3,8,336,31
93,326,85,7,21,3,288,140,233,387,180,39,113,321,192,103,5,14,62,9,2,253,77,25,279,60,36,289,98,230,9,195,3,271,4
172,371,11,71,2,22,8,196,223,162,375,196,15,72,305,137,102,5,2,31,57,65,29,12,185,98,284,44,21,18,248,190,7,178,204,22,3,387,1,8
145,342,9,69,4,16,271,180,278,332,247,24,93,234,95,103,1,3,50,50,63,3,7,264,89,184,42,199,149,1,218,4,258,31,347,26
196,399,11,55,1,44,1,16,4,217,136,217,337,197,42,66,83,158,121,6,1,172,105,56,3,243,102,21,263,1,84,247,196,136,210,8,1,43,273,9,14
234,304,6,94,21,4,263,196,161,341,185,73,114,82,128,112,67,9,280,60,3,33,1,198,182,191,1,1,80,208,124,10,7,160,182,1,74,267,13,25,8
152,296,43,2,124,1,4,8,221,221,176,430,106,25,41,67,4,124,103,81,248,38,229,78,157,33,31,7,5,299,105,173,11,252,1,22,128,353,7,39,18
191,1,317,83,29,32,22,9,148,197,1,190,330,138,47,69,155,112,16,2,308,2,14,1,11,205,124,2,188,2,4,371,69,13,271,188,2,12,78,419,1,30,1
268,209,26,98,2,1,5,5,251,213,293,454,212,6,17,22,112,63,113,3,3,230,108,29,250,29,19,334,83,1,200,128,3,57,65,1,452,1,22,1
172,368,13,245,15,8,1,217,224,345,326,119,26,5,6,87,111,140,1,1,133,159,3,211,25,12,10,286,153,6,173,133,1,120,40,401,17,3
139,299,6,356,114,23,2,156,205,262,335,32,28,7,40,30,135,233,5,1,2,12,152,112,2,213,7,62,326,148,17,184,6,195,5,54,35,1,464,37,3
74,104,15,370,101,4,1,192,169,284,343,75,13,29,66,29,137,258,4,6,223,137,230,4,35,322,127,12,209,306,10,81,9,1,459,38,41
25,73,423,101,2,22,262,131,270,448,93,36,47,5,87,237,1,30,231,160,288,11,236,235,149,1,153,16,76,74,13,448,57,31
144,287,97,25,34,170,158,299,290,13,38,5,58,13,1,104,283,55,412,190,209,50,8,200,252,236,23,34,5,33,161,10,461,13,6,34
63,1,362,58,43,33,2,253,189,1,304,413,15,7,55,1,6,58,166,114,473,149,7,198,9,90,1,26,155,300,240,1,33,7,106,131,10,2,249,55,1,83
78,446,11,75,113,15,288,83,16,187,368,26,74,10,43,382,65,481,178,127,1,4,58,29,1,199,232,145,14,28,74,187,58,6,255,1,105
114,3,327,102,2,141,225,128,154,434,17,1,5,125,28,29,29,296,1,2,2,107,408,169,7,135,76,2,151,241,189,109,138,147,55,200,2,81
73,513,113,4,120,1,149,83,10,134,417,58,46,6,139,56,71,8,350,4,28,160,205,125,3,17,103,105,4,93,310,163,249,115,82,56,141,3,124
68,337,67,170,1,17,200,11,198,385,115,15,96,68,75,21,490,4,138,147,158,1,171,5,1,126,21,104,332,6,247,4,214,197,109,30,101,71
28,3,290,109,193,242,5,209,372,54,88,15,174,25,153,55,14,362,22,6,118,84,135,2,156,166,46,49,405,175,17,191,217,121,134,60,1,115
9,19,342,68,205,4,17,1,152,29,9,84,485,7,6,8,137,64,108,56,1,310,34,13,8,172,105,142,2,3,105,6,6,277,56,28,255,110,12,197,9,279,89,30,4,43,180,110
2,40,381,202,226,2,201,1,118,370,118,67,54,109,248,27,15,156,169,102,2,85,9,321,7,234,179,250,333,64,71,1,94,71,8,140
11,83,315,135,192,18,11,386,5,165,304,52,76,24,101,158,294,6,8,7,139,89,37,1,134,17,193,25,24,144,3,4,200,5,432,1,301,134,105,36,47
2,81,201,139,218,39,261,1,14,284,462,77,112,16,4,108,1,362,1,74,37,1,132,104,4,6,30,52,17,112,2,123,207,4,26,194,28,276,13,172,86,151,20,2,24
10,12,103,166,129,148,34,279,9,11,7,225,308,168,161,4,136,525,2,32,10,72,57,2,22,39,3,248,9,96,113,59,245,98,368,332,77,190,1,1,11,24
28,29,109,179,106,183,4,69,350,5,218,238,114,223,83,7,473,8,4,110,30,26,1,15,12,232,24,55,127,5,51,186,23,390,372,90,237
23,89,99,140,132,218,32,242,3,178,310,1,1,184,170,226,247,8,127,79,58,15,4,17,208,90,80,143,85,184,9,362,365,163,182,1
20,72,26,51,102,180,2,32,285,12,186,277,1,3,137,130,167,1,339,2,148,171,127,67,28,14,232,126,64,7,137,1,48,248,4,263,271,135,221,5,12,6
5,218,19,25,104,223,38,171,7,329,223,67,62,57,2,69,2,319,1,1,89,265,145,1,50,47,12,6,3,157,36,136,12,136,8,28,218,7,364,343,116,233,18,4,11,5
152,8,66,62,244,27,325,347,253,9,113,57,95,4,21,24,5,352,3,56,153,125,3,153,53,33,42,89,4,173,152,85,218,4,379,247,106,181,8,15,19
4,2,194,13,17,77,3,31,10,320,2,10,342,309,3,111,14,151,37,62,88,18,361,4,43,74,5,140,27,125,63,71,2,115,25,1,94,110,74,286,399,151,95,141,4,37,30,2
4,4,174,8,86,52,16,9,214,1,209,291,79,13,69,11,94,6,298,1,40,86,74,139,19,2,6,135,18,49,2,222,32,196,354,1,71,184,3,370,281,205,149,2,19,62,34,17
150,37,96,26,13,229,31,165,318,2,142,15,45,69,2,330,14,17,42,77,114,60,5,129,7,26,256,48,6,157,308,1,77,252,50,406,291,157,150,3,107,31
2,1,178,75,176,22,3,1,12,177,19,14,170,373,16,70,2,60,11,337,1,51,92,75,35,1,148,38,1,162,38,159,312,35,200,67,305,417,192,171,4,12,86,24
2,251,16,115,41,7,18,14,7,191,7,25,199,392,42,60,142,68,183,4,62,87,76,22,2,2,228,1,249,163,202,110,174,123,232,1,306,226,179,6,132,42
4,339,9,112,9,1,4,2,1,2,250,100,42,2,158,164,154,80,5,123,150,19,195,140,89,21,10,356,3,1,149,4,1,244,1,200,76,194,73,418,168,150,189,2,23,17
2,5,210,29,1,3,1,333,44,146,17,125,351,110,162,46,185,9,207,2,127,69,5,2,210,10,239,4,2,241,150,26,218,86,313,231,244,268,2,11,6
261,41,16,5,33,370,15,78,11,185,369,68,72,144,102,200,6,117,68,3,6,50,188,1,177,5,244,140,22,96,200,438,2,220,221,248,9,2,5,5
168,48,8,5,21,96,296,32,119,6,283,193,90,85,35,91,173,340,13,3,155,70,12,227,21,7,121,4,294,113,31,50,180,276,6,196,290,246,1,1
3,148,40,6,31,147,101,145,37,1,75,224,228,55,168,9,55,115,2,428,17,126,284,1,167,3,32,131,10,1,330,167,19,106,85,205,248,271,219,4,16,7,9
4,1,28,31,44,132,254,140,28,46,14,179,192,129,249,73,16,362,156,297,100,1,19,2,166,13,351,238,40,97,117,111,352,161,239,29,50
1,20,48,2,3,49,70,178,191,56,28,153,307,53,231,81,56,356,2,175,226,9,116,10,11,93,60,7,334,256,7,98,115,95,196,207,269,112
5,60,42,18,25,148,200,236,9,2,3,77,273,147,341,28,81,39,254,7,177,206,4,129,1,77,81,95,1,231,305,1,55,126,207,226,170,263,3,75
33,21,17,9,1,91,230,301,8,5,72,308,195,366,71,96,8,373,10,63,178,5,1,103,41,14,143,188,117,8,195,384,5,7,137,200,220,116,244,25
22,1,97,84,240,18,51,369,163,339,9,120,10,400,5,117,188,2,157,14,58,8,156,132,143,3,249,228,7,84,153,220,108,86,262,1,31,3
5,8,15,63,70,137,241,12,1,4,174,139,140,305,18,52,25,480,2,1,14,95,200,10,302,35,2,226,169,192,46,161,258,23,31,152,331,25,32,226,4,9
103,1,5,44,193,1,214,1,9,169,252,138,381,110,70,21,374,1,134,140,2,222,1,275,200,131,113,145,1,250,11,133,351,13,288,8,11,2
2,108,1,4,24,196,356,11,1,11,113,170,224,368,53,90,19,266,147,154,9,4,11,298,1,7,1,205,161,188,51,175,5,103,150,1,373,1,286,9
12,24,4,138,27,240,5,305,16,13,162,177,278,302,141,175,241,1,2,140,108,2,32,208,25,157,179,263,22,145,54,108,7,148,296,2,45,290,78
2,123,1,87,237,25,268,16,3,13,247,240,241,208,217,174,2,206,1,5,160,40,151,313,18,186,122,223,58,55,9,114,8,155,200,2,33,252,2
73,2,14,7,6,123,16,301,6,11,275,110,201,176,222,129,2,202,2,13,135,114,2,266,340,9,32,272,208,163,75,81,170,2,168,3,305,9,254,1
16,2,178,3,4,15,103,271,4,3,165,153,191,182,164,154,8,115,6,98,140,23,4,148,276,15,4,6,277,174,232,106,33,217,5,155,5,412,1,40,333,25,1
1,141,15,11,52,1,212,10,147,176,236,180,218,231,4,132,13,202,199,61,114,253,3,13,9,223,222,176,100,24,231,4,154,279,31,261,4,29
239,35,5,7,87,2,355,2,19,137,202,191,274,141,229,135,118,127,36,99,344,12,18,7,220,144,88,78,25,203,9,236,21,228,1,28,279,51,1
116,1,41,12,162,398,4,17,52,230,107,233,162,342,55,2,131,101,64,20,536,19,19,246,196,31,139,38,109,17,199,275,14,224,4,1,62,23
12,140,35,1,151,4,373,95,109,113,55,409,211,232,13,57,9,103,84,43,483,78,15,6,287,191,1,126,63,160,45,146,318,259,55
1,142,16,50,233,1,364,50,82,60,97,358,151,299,43,3,7,34,67,40,546,75,32,1,320,184,22,143,5,226,23,168,390,18,238,2,3
114,4,148,6,425,363,30,108,81,54,125,338,161,233,14,58,2,11,102,5,20,403,184,123,13,215,181,29,89,7,186,22,126,336,8,140,54,3,9
15,19,25,4,4,157,294,284,53,187,182,32,57,256,155,108,175,26,46,14,66,4,16,12,556,114,120,44,137,160,17,80,150,55,135,3,428,21,116,9,16
3,42,28,88,2,356,194,54,168,250,2,12,298,9,107,191,3,140,23,61,4,31,52,5,22,57,415,80,129,81,140,218,18,125,219,6,25,96,452,6,151
2,4,1,27,1,103,51,233,1,205,3,224,151,2,3,385,89,189,190,22,107,26,27,80,3,92,442,74,174,78,174,124,15,50,231,11,146,369,136,1,49,10,4
3,1,74,5,4,154,83,231,1,197,4,202,62,225,80,267,8,262,34,106,3,4,120,13,53,540,120,141,124,206,134,16,35,2,240,27,527,146,61,9,11
29,25,25,61,43,7,185,87,424,8,199,8,9,192,83,100,52,170,259,37,75,115,41,11,152,565,96,138,235,124,80,6,12,218,2,30,457,164,2,9,22,3
6,90,10,7,87,61,45,193,49,321,1,299,13,164,85,17,94,38,173,342,53,21,52,17,126,9,269,322,99,111,188,106,94,255,10,48,414,163,4,3,2,7,6
154,20,27,12,11,19,1,4,295,88,412,117,20,158,99,5,99,37,244,363,1,48,39,6,1,35,21,213,486,129,211,127,128,39,7,103,18,93,476,8,62,69,20,2
141,39,6,32,2,279,15,472,90,3,7,95,51,139,13,362,3,350,28,51,44,1,34,1,15,327,301,89,231,103,30,34,2,7,168,522,51,48,53,9,89,1
199,111,4,5,357,324,14,117,109,111,4,3,65,3,333,2,297,4,39,3,80,21,2,88,29,3,252,437,91,197,186,64,87,467,1,52,84,15,17,26,2,112,11
194,153,30,173,421,54,4,188,160,7,174,284,330,1,86,50,56,40,6,268,455,77,180,32,126,31,6,77,414,82,1,102,67,16,1,104,9
1,114,136,12,306,402,49,32,124,162,3,200,1,243,277,1,5,119,35,26,1,252,532,30,114,138,146,130,46,50,91,411,51,103,50,54,1,89,19
7,183,179,178,338,2,3,151,42,151,106,20,30,1,97,13,376,197,1,142,33,54,6,341,444,19,87,141,87,40,2,32,32,116,300,80,109,76,79,46,90,2
5,37,134,147,7,1,147,298,2,2,143,64,289,96,10,37,10,70,309,109,13,2,1,153,121,118,27,248,380,15,88,59,120,4,12,77,93,350,8,43,2,132,194,193,98,67
68,64,128,54,6,104,236,8,83,52,155,148,1,65,18,363,154,82,130,88,25,234,504,173,50,25,45,4,114,4,483,89,8,9,98,276,216,7,4,7
61,24,114,3,6,1,2,130,340,72,17,123,1,85,23,110,41,71,45,325,115,15,152,15,1,166,137,27,264,499,182,7,86,6,11,33,441,108,25,126,182,201,20
33,48,87,16,3,158,323,73,1,151,14,88,44,196,4,107,130,95,539,122,2,15,142,1,119,92,6,235,453,163,1,167,37,4,65,1,348,89,1,16,109,39,146,131,7,1
77,37,110,1,85,256,8,14,179,101,50,88,172,2,85,93,104,10,270,131,12,121,166,122,215,526,63,111,23,36,17,394,111,3,38,83,101,259,51,124,7,6,16
105,19,105,7,1,1,20,58,410,3,3,181,75,19,276,269,12,29,29,67,334,130,116,158,112,4,270,424,93,11,94,3,29,66,430,17,18,45,134,171,32,71,8,5
70,55,146,2,19,82,447,12,13,253,57,274,266,109,22,18,9,10,148,65,16,82,180,114,267,464,204,5,153,6,53,90,15,330,3,44,146,12,212
107,69,110,27,5,25,115,324,111,5,279,56,241,195,32,144,33,38,1,208,59,3,4,20,42,137,68,321,475,254,143,14,103,4,340,1,23,103,109,6,1,5
165,92,108,5,48,67,223,101,49,375,101,9,114,168,139,132,9,7,208,130,7,12,14,150,141,359,384,171,65,41,159,360,2,11,12,113,6,46
125,76,40,6,86,62,225,205,24,160,95,9,137,122,221,118,55,38,286,249,2,9,2,159,140,205,497,229,8,2,177,6,8,36,1,488,3,19,36,73,98,9,15
268,64,28,1,13,2,18,99,105,233,213,46,5,91,20,129,128,59,7,38,276,306,30,6,158,157,19,335,507,181,6,6,122,58,359,16,39,7,6,2,155,124
118,33,22,5,94,18,147,95,201,290,5,2,131,13,82,117,37,20,372,226,9,103,5,112,118,12,360,499,167,2,58,2,147,1,342,28,2,59,16,3,1,243,99
92,35,35,1,134,14,59,76,196,134,58,1,220,184,105,17,40,37,269,286,19,156,1,7,113,132,248,504,114,9,11,5,1,156,503,2,1,15,19,77,2,322,33
260,122,19,2,101,56,260,213,95,81,263,112,67,5,16,27,258,267,54,257,4,12,130,114,179,513,91,6,13,83,351,16,83,2,12,275,2,1
194,151,35,9,100,2,13,48,296,161,2,119,2,34,230,52,63,1,209,192,4,207,4,186,83,283,542,180,32,2,1,44,98,2,406,1,3,49,30,40,45,206,1
189,168,74,73,243,23,111,95,2,186,68,48,28,1,319,132,13,248,2,7,174,87,200,549,215,35,11,7,27,136,475,3,14,2,74,90,273,1
120,65,158,3,51,17,14,379,3,2,127,89,112,79,23,42,12,399,117,5,219,6,168,45,3,204,405,203,34,87,8,97,210,18,450,37,4,2,53,5,51,78,228,2
168,67,2,274,17,39,63,2,2,323,22,54,106,86,109,19,3,63,2,18,335,80,21,13,6,88,19,3,236,12,192,534,155,68,171,13,45,207,3,381,84,2,29,37,5,75,50,133,89
82,29,205,8,61,58,1,288,16,62,1,95,127,19,81,10,25,425,55,28,4,91,7,163,24,2,146,547,111,72,88,2,39,256,3,530,1,91,48,75,89,159,135
40,15,249,194,17,6,356,18,73,81,4,161,84,8,223,6,45,372,9,18,2,155,20,138,52,226,452,55,114,45,24,57,247,249,45,56,4,97,120,109,160,17
20,44,329,12,232,4,1,375,64,95,72,17,76,98,22,145,14,54,270,21,11,2,174,1,26,2,169,54,1,207,487,76,61,25,38,220,3,394,9,25,2,33,249,50,237,37
8,172,249,2,244,1,3,321,88,38,87,28,1,142,10,7,174,10,50,352,68,3,14,261,45,155,66,128,454,28,85,3,148,5,359,7,35,248,22,210,18
30,178,302,1,1,289,1,315,208,16,78,206,137,20,3,286,58,98,179,191,74,154,563,45,68,17,83,1,294,44,2,1,23,120,25,235,6
6,217,245,2,6,217,2,1,346,102,71,1,6,196,12,15,255,20,1,1,200,191,1,78,251,190,107,98,519,18,15,4,77,5,297,38,23,276,235
5,213,235,1,288,43,2,352,137,145,45,4,335,86,49,135,71,2,229,164,22,72,389,23,170,69,70,327,6,13,43,5,60,1,165,2,72,18,173,2,186
1,231,194,22,5,227,4,34,476,138,142,49,383,53,88,145,119,13,194,44,16,137,295,9,172,64,8,252,1,79,4,3,3,66,67,206,1,3,180,251,2
240,322,54,189,21,39,296,210,144,68,158,43,97,4,194,199,295,14,16,262,301,34,148,41,1,423,28,9,63,70,20,185,10,3,5,60,196
211,413,2,12,223,8,24,167,175,224,39,6,196,6,63,227,300,361,111,12,2,104,228,39,208,50,502,65,187,1,20,1,2,289
1,33,178,85,278,199,48,159,1,575,24,242,36,52,307,180,9,183,49,22,1,182,165,6,91,159,384,20,1,333,51,3,74,294,5
283,155,9,239,188,165,1,186,42,228,41,3,247,333,1,6,464,32,1,156,1,64,139,122,146,28,4,538,2,3,2,10,1,103,12,4,6,276
267,209,31,10,154,6,3,185,239,196,78,1,179,3,119,362,11,38,547,41,158,4,192,262,166,132,1,28,489,10,1,3,9,3,2,11,163,30,2,4,29,159
289,390,45,13,80,6,11,180,209,73,91,53,6,1,344,4,6,131,208,14,74,400,14,1,142,101,221,80,160,55,7,519,8,4,14,142,1,40,9,48,183
244,350,87,7,204,95,18,3,38,93,152,2,1,279,5,251,19,90,348,12,118,261,238,103,248,9,76,460,5,4,4,6,1,114,5,15,36,22,214
263,315,1,7,40,2,228,157,32,1,17,141,44,2,2,227,7,371,32,141,311,2,51,305,165,54,179,52,414,17,64,41,4,2,210,58,1,70,1,266,8
209,365,3,80,7,289,140,65,54,116,19,2,317,298,185,305,47,5,419,137,111,184,91,330,41,5,24,12,140,40,98,4,3,4,197,8
196,386,1,1,138,5,7,307,174,33,2,25,1,127,23,2,250,283,8,136,339,1,171,257,118,80,187,11,99,591,1,11,6,11,4,14,62,121,166,4
245,323,4,12,171,10,260,165,26,75,67,2,28,262,314,1,127,336,6,101,314,389,81,200,81,423,15,12,14,1,8,16,57,20,69,1,6,13,258
3,326,333,77,266,185,7,268,24,2,4,463,3,207,3,2,175,125,59,27,2,1,82,7,1,1,165,91,3,56,319,334,31,21,60,325,8,74,229,171
239,297,5,38,237,11,202,72,59,7,116,2,31,40,1,303,304,56,301,3,218,393,402,42,190,60,17,2,412,3,12,34,5,2,73,7,54,223
237,274,13,278,2,2,238,106,39,1,31,49,11,57,39,316,261,47,289,10,3,170,467,363,4,136,99,30,22,434,4,8,4,1,1,2,1,2,19,69,35,65,118,9
266,311,16,11,111,3,177,165,21,4,14,68,4,60,9,314,214,11,145,485,19,17,172,324,337,2,101,105,23,442,1,51,17,18,55,8,20,1,42,16,38,49,179
260,332,96,102,53,14,22,111,2,179,1,277,350,101,136,402,7,83,108,315,370,1,75,149,5,347,1,5,121,14,2,42,22,19,179
282,287,11,72,10,99,19,176,66,193,12,274,271,19,152,441,19,83,136,289,478,13,20,121,514,1,20,1,33,110,1,5,43,9,1,44,150
147,350,42,54,28,11,199,22,275,8,99,43,258,223,108,210,308,54,52,122,382,351,3,7,151,390,15,16,5,31,1,82,3,3,130,28,95,81
179,305,42,10,175,115,2,157,31,77,96,1,290,248,47,175,283,71,93,115,2,268,25,427,1,67,377,2,7,24,32,15,84,1,148,111,131,101,57
139,215,15,2,244,82,254,3,10,3,139,231,184,99,144,304,139,6,117,1,370,18,399,7,3,8,447,51,135,1,37,18,1,170,2,72,2,4,9,137,149,38,123
232,180,20,1,249,59,25,34,134,11,12,6,3,29,1,322,317,18,188,352,14,2,113,349,1,312,49,483,50,134,7,28,34,43,142,16,9,70,91,10,274
180,339,25,1,2,342,91,28,16,7,30,52,27,6,30,363,205,36,98,347,8,89,392,377,5,2,6,311,7,149,34,32,42,1,154,4,37,83,192,3,242
218,388,20,7,3,351,125,76,105,121,58,1,6,111,192,281,2,119,298,11,20,1,405,5,321,1,8,22,313,122,17,23,47,26,67,4,55,168,10,272
170,419,2,157,22,67,144,186,145,17,22,37,223,285,32,382,16,68,141,5,418,1,16,2,115,41,511,15,57,1,37,119,46,7,9,3,87,197,241
282,368,21,4,234,49,164,150,141,52,71,74,268,9,1,378,132,38,170,15,374,13,51,75,487,67,56,6,107,69,27,14,1,21,305,174
262,343,2,24,131,29,159,211,126,6,79,7,148,139,28,252,296,3,208,27,261,33,7,59,94,432,220,58,204,79,10,18,1,28,13,255,171
238,384,3,7,136,179,18,3,105,176,72,68,114,154,113,23,263,2,266,23,318,1,173,3,19,8,28,60,332,188,69,207,36,1,13,8,1,40,234,201
1,271,348,1,36,84,109,51,6,120,7,147,13,2,138,142,189,71,232,453,40,276,18,195,35,74,7,212,257,195,115,211,62,20,1,1,9,5,33,145,4,142,8
3,269,509,9,140,55,121,32,66,56,76,30,16,143,4,46,200,16,216,1,306,26,197,100,127,106,313,400,89,136,4,243,3,27,1,1,157,186
256,405,1,202,56,105,5,86,20,8,76,166,74,3,22,264,3,4,371,2,257,10,162,6,110,195,109,4,260,301,24,103,239,32,23,14,8,8,112,1,245
226,341,1,89,49,147,44,85,143,1,122,214,6,297,1,6,315,244,7,163,246,23,1,372,297,98,152,16,127,36,70,2,24,30,41,3,404
1,3,165,211,16,119,74,99,81,35,67,31,230,2,87,330,18,22,388,204,23,184,183,43,339,298,185,94,150,117,130,22,36,30,49,42,64,268
93,345,12,2,154,39,212,12,143,1,4,22,21,212,16,51,292,2,8,13,326,376,125,133,190,88,311,401,190,11,1,4,107,80,101,8,11,10,63,69,2,56,186,25
58,285,6,12,135,77,225,14,122,1,67,6,168,2,33,105,148,1,3,293,7,265,150,266,158,177,2,252,337,276,172,67,40,2,47,135,44,2,53,141,27,48
11,78,350,7,2,137,107,171,72,173,221,97,58,191,16,290,290,144,124,219,141,188,260,190,2,2,196,7,62,18,4,18,1,88,112,23,2,116,156,37,15
147,382,287,106,128,9,55,2,8,3,90,122,12,106,24,290,15,2,183,344,112,46,243,203,326,269,75,7,1,212,123,76,1,78,38,113,144,43
1,1,165,357,2,8,291,136,158,151,19,1,66,18,101,325,235,25,10,195,235,77,11,207,191,220,117,51,50,351,93,29,164,49,38,2,80,135,52,2
151,349,4,23,322,225,50,126,1,1,60,105,166,12,255,186,3,32,100,368,121,5,225,193,5,190,88,96,14,6,336,118,153,154,33,27,239,1,29,8,3
1,85,330,7,395,387,78,169,97,98,83,1,124,247,22,12,215,137,128,90,49,235,63,162,41,33,286,1,149,171,202,55,5,12,172,2,1,48
1,100,208,15,277,393,62,205,4,59,72,52,24,226,20,1,29,315,61,255,143,63,269,8,260,33,24,60,268,170,1,237,256,11,188,8
24,72,331,16,382,384,33,144,5,40,5,62,6,20,262,1,3,4,332,64,30,199,181,3,44,175,12,364,11,15,308,167,294,3,203,58,3,199,4,43,19
1,100,327,17,396,260,44,9,59,15,7,32,32,10,291,7,1,234,31,5,269,163,48,98,1,231,66,2,3,555,155,2,378,191,55,3,209,7,50,65
12,116,478,25,526,206,77,26,18,70,52,7,4,181,8,4,6,260,48,225,228,83,38,4,300,26,27,467,72,2,364,249,84,129,48,2
6,1,117,369,63,427,346,222,62,1,17,90,114,221,8,132,32,227,232,80,107,308,19,4,21,447,4,4,425,2,231,22,149,2,66,2
3,170,311,21,401,213,298,102,1,16,39,129,128,2,187,19,7,215,190,4,151,257,2,246,1,475,2,12,56,318,198,4,131,11,1,13
18,1,108,324,1,386,132,241,83,4,1,20,1,29,23,38,221,12,2,92,6,384,39,245,199,4,77,185,21,387,68,2,400,51,38,270,187,35,93,1,60,42
11,4,116,271,9,1,413,125,126,20,2,37,2,16,10,58,288,4,91,364,6,176,189,55,198,49,242,66,385,77,124,40,335,2,223,24,100,5,5,35,4
20,184,279,4,4,468,216,65,22,4,70,46,12,1,32,274,4,3,159,21,11,282,20,15,217,179,15,68,221,34,346,60,7,353,41,59,21,167,308,5,48,2,58,30,10
18,1,253,318,5,1,369,394,88,77,8,1,113,3,7,34,63,8,213,3,14,243,14,288,219,19,70,161,7,381,63,9,374,24,29,208,221,17,140,3
32,4,225,388,3,542,331,133,77,3,24,68,2,5,46,16,226,3,23,177,17,195,173,34,47,4,161,6,362,43,24,511,65,34,219,231,9,32,14,2,3
20,289,371,9,2,470,246,195,190,45,14,95,1,76,1,181,24,3,152,5,274,181,75,7,216,269,48,29,431,14,8,193,204,5,2,1,5
7,10,268,327,43,482,374,189,63,72,1,4,1,5,81,14,178,6,23,208,141,159,171,11,280,8,187,7,29,491,2,10,15,255,2,210,8,51,16,24,1
13,24,283,349,20,509,23,231,258,100,82,2,10,7,74,42,15,116,25,2,3,195,10,169,152,166,5,178,5,331,439,3,5,2,272,22,136,78,31
48,86,342,399,10,420,188,206,169,46,4,8,11,1,19,3,31,166,13,14,189,7,150,129,140,143,1,224,492,6,10,360,231,4,24,2,2,9,18
33,58,244,212,16,474,303,167,104,43,22,1,5,1,26,33,238,9,238,13,232,111,190,1,184,1,252,348,1,8,437,10,200,4,17,33,26,2,3
18,132,227,245,1,539,20,462,159,70,69,53,25,3,7,27,129,198,18,229,43,181,176,299,321,1,19,11,402,5,189,12,63,14,14,34
22,159,129,135,2,567,34,418,210,100,64,88,21,5,61,101,309,63,34,170,4,2,226,2,257,6,431,3,5,17,81,253,176,88,73,64,2,1,1
38,53,153,312,21,19,27,443,8,401,199,199,98,2,59,13,3,1,3,83,171,291,15,63,123,154,141,196,3,6,459,14,31,263,2,129,42,72,144,1,10,1
56,166,422,64,46,11,351,376,150,102,47,12,5,1,3,125,13,124,3,2,253,19,97,148,223,179,5,21,401,40,13,203,30,185,45,32,243,1
42,217,385,51,95,5,309,263,210,104,47,1,6,5,1,10,218,14,265,3,369,16,91,109,128,18,197,132,24,345,34,6,272,31,196,59,21,111,5
22,185,380,115,105,34,254,270,252,28,6,19,8,15,4,22,9,49,155,1,244,34,272,35,24,217,123,171,15,119,3,472,16,46,4,185,230,38,229
44,191,273,166,269,288,1,332,210,12,64,17,41,29,9,4,6,24,116,15,352,5,3,188,4,120,164,3,55,134,487,28,47,141,4,280,22,12,296,12,22
11,227,276,102,103,251,316,116,1,62,50,7,67,1,71,7,8,324,6,10,261,45,201,142,102,249,425,10,36,268,12,5,216,53,2,255,5,7
17,209,277,223,86,225,374,67,4,6,86,5,9,5,10,164,2,302,3,205,56,212,125,4,232,141,466,5,91,219,45,1,264,22,13,193,26,25
1,13,247,185,159,33,193,15,506,46,9,98,2,48,9,181,428,22,1,243,2,89,193,72,253,162,431,53,5,37,1,120,87,251,57,8,169,4,6
29,200,205,86,114,227,400,60,21,9,196,38,44,1,5,124,334,1,7,288,108,111,41,2,116,179,452,58,66,56,15,230,118,18,96,75,162,102,4
2,186,142,216,130,43,4,391,19,323,173,3,7,100,50,28,1,3,3,124,1,294,15,36,212,1,74,9,5,67,2,207,414,82,85,59,11,261,28,197,106,2,180,4,3,129
168,188,220,65,55,5,410,252,122,2,93,34,67,9,27,2,95,171,433,2,330,6,35,7,5,51,211,331,118,87,52,6,304,120,75,179,10,58,2,2
143,252,277,113,65,419,16,317,191,26,4,31,7,8,10,3,90,157,13,399,2,17,182,21,43,1,3,39,5,227,391,99,49,20,235,17,115,35,188,56,106
143,264,284,90,113,327,17,359,220,5,92,1,39,5,1,1,49,313,5,249,4,14,137,81,66,7,1,4,163,391,91,65,52,7,6,316,2,24,138,15,134,2,95,56
6,193,309,295,14,241,83,242,326,204,6,133,13,10,22,4,37,224,4,15,330,4,5,156,69,81,23,72,452,50,91,40,203,99,79,130,21,139,97
6,10,140,284,192,10,164,58,301,328,215,9,23,2,29,3,4,248,21,3,409,16,4,240,103,151,6,78,7,328,42,130,39,198,114,5,6,2,24,65,263,80
132,319,150,3,231,63,290,2,400,80,2,4,2,6,10,14,230,11,341,26,2,325,43,186,66,5,51,337,52,107,9,152,202,14,7,137,331,77,12
1,199,249,213,201,140,242,302,109,4,2,3,2,32,11,43,3,1,3,145,1,356,12,22,337,109,235,34,3,445,30,134,25,4,229,97,51,2,103,204,102,43
172,243,193,127,166,385,310,192,43,1,12,3,17,17,344,231,303,50,210,25,16,42,491,43,153,6,183,166,67,4,70,82,16
134,287,300,19,75,164,11,365,94,458,162,104,10,3,12,267,371,1,1,263,11,278,2,289,7,106,16,9,109,188,59,18,2,82,55
163,228,275,43,167,180,30,423,39,489,246,94,42,28,14,9,192,17,213,1,1,212,124,195,1,3,14,189,32,149,8,121,2,196,53,17,155,24
130,181,287,64,62,196,103,420,24,406,191,222,32,3,40,1,2,4,6,299,109,1,329,131,172,16,45,43,8,176,23,176,1,123,95,6,60,29,2,94,25
179,131,143,94,117,117,87,364,18,516,168,201,5,74,3,32,335,9,7,121,1,1,4,410,75,256,15,5,38,274,28,104,267,28,1,15,121,11,2,23
187,86,131,174,239,44,197,260,1,443,184,237,12,80,2,15,29,214,5,282,6,421,64,255,13,22,13,6,290,42,101,8,213,6,5,58,26,1,53
105,73,224,46,186,74,151,195,1,337,111,220,28,3,188,1,28,59,1,256,14,213,9,7,333,221,229,37,76,6,9,250,15,152,4,270,4,80,3,1,158
187,123,420,39,140,67,138,169,376,47,89,3,28,81,15,5,260,54,135,359,181,302,11,223,3,3,348,3,78,15,3,244,1,54,5,110
176,149,420,57,235,61,176,100,360,27,153,5,14,15,5,154,5,1,287,17,198,37,253,241,283,14,258,3,223,8,132,2,2,11,168,20,1,6,25,92
192,141,304,73,366,11,150,265,1,2,284,11,57,7,16,180,10,1,2,261,4,244,10,416,204,208,37,255,1,1,4,266,134,3,37,45,139,56,6,94
178,57,356,201,251,61,231,148,10,430,19,122,9,76,18,129,30,9,1,270,5,285,8,1,1,356,136,213,5,111,13,248,145,79,183,3,12,1,32,32,7
149,52,205,157,330,52,231,116,18,338,42,196,1,96,85,176,2,7,11,69,5,2,211,21,297,6,38,20,257,87,224,2,200,40,220,13,83,27,147,10,3,20,16,114
119,40,3,179,488,21,1,292,204,95,318,97,125,1,104,43,5,3,98,52,2,220,31,175,136,38,13,176,3,24,186,1,413,1,2,39,274,6,70,16,157,1,16,2,14,81
58,122,237,399,111,317,47,70,425,177,198,10,56,12,94,8,1,114,12,88,157,148,104,228,7,214,24,184,13,21,2,418,70,24,157,5,13,7,36,3
56,137,240,458,86,328,2,65,385,103,145,1,2,7,3,74,1,2,52,79,9,132,1,216,181,133,50,311,5,152,80,190,1,1,14,394,1,87,160,5,49,1,16,9,24,5
4,4,1,189,163,309,36,207,42,504,94,103,1,3,45,8,1,1,126,2,62,179,200,176,17,223,1,168,88,2,237,49,497,5,68,229,48,13,109,82,15,32
35,11,223,234,340,61,222,69,328,59,130,4,12,9,61,3,11,8,51,1,86,201,324,198,11,327,29,214,46,168,20,427,19,145,27,3,84,109,54,17
3,197,310,450,90,278,6,147,309,52,138,9,6,63,1,8,18,94,38,219,272,213,4,355,14,176,15,135,1,29,356,195,36,32,68,24,38,15
3,73,294,647,93,1,244,3,211,416,32,109,5,11,4,2,31,152,8,298,182,168,8,270,16,205,135,16,340,4,175,4,76,10,37,65,4,52
4,85,242,410,25,65,313,5,186,35,233,69,101,38,2,1,7,96,11,199,377,239,60,290,65,204,156,1,11,1,1,398,8,1,138,5,138,23,72,17,77
87,241,448,31,39,310,3,150,9,190,7,236,50,2,144,2,6,263,213,232,28,224,63,103,164,5,501,4,1,170,3,173,36,90,11,27
1,95,250,393,33,332,191,27,294,87,37,25,1,3,4,102,8,2,243,341,251,48,340,24,163,205,3,350,17,2,1,221,7,188,11,108,14
1,45,191,462,19,326,205,5,400,145,63,29,24,2,88,5,21,218,291,282,68,183,30,133,148,13,266,33,237,3,255,7,111,29
65,393,530,109,69,315,22,162,1,306,57,170,22,15,3,1,1,102,34,4,14,233,244,179,51,241,65,217,54,13,329,6,1,223,2,16,200,2,11,16,14,5
22,312,367,169,129,349,41,204,11,354,52,122,65,9,21,1,2,104,22,209,269,167,60,294,47,229,7,1,4,288,1,269,14,179,27,9,21,30
2,3,9,153,281,73,149,317,25,4,67,39,430,66,221,90,10,79,3,6,6,179,1,3,18,237,243,162,65,367,116,285,10,222,250,52,213,14,2,13,1,1,6
3,217,138,38,236,337,14,71,10,273,18,241,97,38,73,51,2,171,19,5,8,48,29,280,53,19,344,98,191,5,13,315,1,8,3,365,7,80,193,32,5,5,30
175,113,93,354,290,10,2,17,241,12,399,15,33,151,4,10,12,214,50,1,21,24,301,102,72,349,68,253,2,3,252,3,5,227,83,294,11,24,19,40
271,188,191,334,321,46,50,3,156,1,339,42,37,148,5,9,127,20,31,273,13,286,275,20,104,2,2,275,209,14,130,156,135,38,36,3,62
15,41,151,123,76,268,227,23,1,46,1,188,318,7,95,149,2,165,5,91,23,305,323,341,24,169,11,15,251,10,223,8,113,185,94,62,55,32,6
19,136,31,32,334,248,2,45,23,1,113,474,4,155,244,16,27,108,53,9,299,319,409,34,237,7,10,136,3,216,36,101,264,93,33,75,26,31
34,260,13,85,215,344,64,4,128,496,10,162,324,1,8,16,94,104,1,24,39,176,4,399,4,257,2,6,235,10,2,89,19,343,27,80,204,19,16,4,62,2
14,364,2,55,39,152,315,55,20,33,376,4,207,453,29,2,30,4,225,105,13,94,174,392,4,7,320,192,20,88,71,275,23,90,149,71,5,6,35,2
57,219,59,133,134,271,169,1,5,416,2,250,460,51,49,16,70,99,3,3,8,69,114,1,393,260,1,1,114,3,3,10,138,1,99,274,41,9,187,109,23,5,64
8,121,94,133,226,285,142,333,262,422,36,35,48,151,93,98,75,253,458,15,154,169,1,2,15,2,43,41,75,213,36,11,189,47,21,2,82,1
9,157,27,80,218,107,230,194,14,264,5,281,486,12,135,4,286,77,229,75,56,1,24,357,1,45,174,1,84,14,4,62,217,31,1,183,126,11,4,35
138,41,64,233,218,294,143,11,25,367,14,112,338,2,83,8,275,115,387,70,32,4,399,2,4,8,235,10,2,60,27,251,21,176,188,4,11,57,6,5
105,8,138,171,287,287,3,168,35,321,93,435,108,68,359,62,2,3,7,219,80,55,1,409,25,247,5,1,34,55,4,120,25,152,188,3,17,29,97,6,5
2,45,29,304,310,209,213,138,96,30,281,105,305,180,53,442,35,2,7,171,35,22,322,3,5,96,34,84,3,17,107,20,5,138,150,13,1,85,187,108,26,10,2
1,35,16,291,249,241,103,193,55,100,39,540,180,26,266,55,10,266,4,56,293,1,32,12,25,79,63,24,36,201,24,11,177,152,3,133,220,125,1,55,61
111,15,233,145,318,59,156,98,3,8,144,392,290,30,233,29,27,276,2,102,1,347,51,16,17,4,8,11,160,22,2,23,4,2,34,272,2,183,123,11,107,137,89,101,60,26
2,99,242,175,308,41,179,77,3,243,1,343,16,200,97,29,457,47,164,396,16,2,8,1,9,2,2,194,2,42,2,227,1,3,113,186,66,171,87,4,22,51,22
13,415,83,334,54,5,167,56,7,210,355,11,346,148,24,1,248,40,200,357,33,2,6,4,7,3,188,33,294,15,116,185,4,46,219,129,17,13
21,313,78,324,44,3,130,102,65,467,330,57,122,33,275,13,146,3,1,346,1,2,1,56,21,4,289,1,1,345,27,107,213,22,222,174,23,47
356,143,246,39,162,78,3,126,326,31,272,28,156,54,1,4,115,70,101,1,4,336,12,19,34,22,69,2,11,271,5,345,7,35,315,23,210,137,129,153
2,248,85,206,39,234,104,17,95,370,4,75,177,2,49,2,30,108,68,174,2,477,4,151,39,62,14,111,22,4,243,7,1,194,1,46,256,42,177,114,26,131,129
3,260,48,306,47,3,235,150,99,8,372,31,8,125,10,43,4,11,41,170,34,164,1,5,414,22,145,110,105,2,22,79,8,207,5,35,234,39,185,65,104,125,20,128,236
3,46,275,77,240,69,185,127,1,14,386,50,148,114,49,3,7,30,5,111,102,2,88,90,282,141,126,205,31,19,198,1,1,258,10,345,22,51,30,195,12,148,193
5,17,190,181,99,129,11,192,168,1,8,344,127,151,122,58,8,1,1,70,136,156,1,61,278,254,110,212,31,1,49,2,2,176,5,24,12,209,2,77,59,12,23,184,272,77
1,13,194,228,66,115,176,5,109,6,26,379,77,170,115,148,14,10,4,94,234,75,114,275,86,28,198,67,78,1,228,89,158,73,49,66,145,11,46,131,3,317,57
9,141,122,82,145,182,128,21,16,346,25,250,79,100,10,1,23,120,216,111,73,281,22,62,9,207,38,1,3,79,25,217,1,74,282,72,21,107,111,29,158,6,296,168
20,182,126,46,110,92,5,101,119,6,31,474,32,269,36,61,2,227,175,88,7,246,66,36,116,92,2,107,52,196,26,41,215,78,21,150,166,26,138,10,1,161,98
12,93,108,128,71,126,63,2,75,49,14,2,295,1,258,72,19,235,80,84,2,1,257,119,51,106,132,1,96,79,6,141,3,38,157,344,62,11,207,98,1,2,137,2,6,320,191
5,88,100,189,184,29,1,64,15,9,278,190,12,62,49,19,2,192,96,34,4,433,162,3,20,66,78,1,65,43,33,110,7,69,148,324,125,6,1,236,40,118,7,555,146
40,73,171,91,18,7,2,292,21,309,9,25,96,9,217,23,4,27,1,380,197,29,74,78,74,79,23,171,146,149,360,37,233,25,145,44,324,303
29,6,89,84,101,133,10,244,19,270,14,5,40,6,225,4,14,339,229,41,94,119,3,9,4,159,74,51,106,150,135,415,166,184,32,5,97,13,394,295
58,2,100,103,29,129,9,233,93,136,18,111,297,27,314,112,91,66,65,10,88,29,43,131,1,155,117,4,358,293,3,178,56,25,122,28,447,346
108,115,136,149,146,1,16,1,35,302,99,129,2,31,124,131,77,331,61,35,125,22,35,74,111,127,7,115,122,358,223,12,100,63,2,1,102,4,422,328
95,148,190,108,175,16,10,20,239,14,119,158,6,47,1,108,162,2,27,11,389,51,119,74,132,73,137,101,8,53,151,6,298,107,20,38,108,3,6,54,5,425,380
97,2,294,100,76,153,5,6,95,360,82,42,6,118,1,5,42,208,22,21,1,44,274,132,3,65,68,1,2,193,60,144,116,2,8,228,268,234,66,5,116,5,1,14,6,395,203
53,207,138,42,257,14,8,16,37,39,438,56,90,101,5,3,4,69,181,8,3,33,346,145,20,40,210,189,20,121,82,5,209,1,302,320,95,42,9,7,164,301
260,2,273,41,77,256,10,12,1,117,453,40,106,204,6,17,194,1,272,65,2,127,5,168,57,140,48,200,330,241,91,2,40,8,6,2,251,312
170,334,24,24,206,6,7,134,416,1,164,185,2,13,43,136,1,310,24,3,68,134,11,188,52,104,51,235,407,276,67,57,9,47,15,109,276
272,249,97,8,149,20,2,1,31,194,627,114,149,3,7,24,103,201,31,1,33,41,223,1,175,103,145,79,3,194,525,347,1,8,13,27,14,11,112,283
1,205,41,172,73,43,5,15,10,1,202,494,11,156,104,31,21,138,17,286,21,22,260,1,202,228,167,38,7,181,318,301,11,38,51,15,35,87,301
180,31,108,97,52,10,63,181,402,21,197,115,2,159,16,35,347,30,1,3,219,11,6,5,180,204,148,19,12,191,31,245,436,10,39,68,30,33,64,257
164,16,1,71,55,8,17,5,83,204,325,14,199,139,3,1,4,278,13,68,40,275,6,3,66,5,196,2,144,262,116,32,289,10,358,371,2,2,44,5,29,186,331
201,16,129,180,15,59,2,51,17,152,455,74,246,258,23,2,1,266,41,45,192,5,8,227,6,97,184,101,51,1,234,254,259,6,12,3,146,419
279,4,2,130,143,16,54,19,26,51,37,133,408,31,224,291,9,1,1,263,3,41,169,8,27,4,2,158,20,58,186,87,53,4,221,241,287,2,11,271,331
207,73,133,79,100,1,33,16,61,39,213,422,45,5,168,245,2,8,1,175,15,70,250,3,32,154,39,24,9,248,158,79,3,268,325,177,18,192,306
23,94,15,3,173,80,65,14,56,24,22,248,279,23,2,253,278,24,10,1,183,53,184,212,4,46,40,161,45,74,9,5,239,87,108,9,151,15,285,190,13,1,8,166,352
9,149,64,111,31,6,3,82,5,264,366,70,145,229,1,5,16,5,31,147,93,43,218,111,28,2,216,99,96,62,222,72,133,10,108,31,424,37,37,2,187,352
42,134,83,114,66,2,118,7,11,172,545,126,118,241,5,2,1,21,3,120,82,52,324,90,10,23,1,201,147,17,2,306,68,67,25,68,54,408,40,72,3,226,266
12,101,106,215,105,2,5,113,33,289,420,130,95,338,13,189,102,100,268,63,83,14,259,67,20,1,5,321,101,4,14,74,133,274,19,17,16,94,242
134,171,89,145,35,189,10,14,272,364,219,59,182,7,186,73,197,48,23,2,7,126,136,28,5,262,173,50,9,155,105,362,24,56,1,8,105,302
21,2,129,97,151,114,38,114,14,7,170,409,189,89,284,13,3,269,4,26,2,278,43,1,157,45,37,2,4,3,278,111,60,33,171,169,341,19,105,33,73,260
147,25,184,140,114,39,20,414,400,77,17,77,9,108,241,12,2,291,8,1,196,99,38,29,253,76,69,43,146,191,363,12,8,5,59,4,162,267
288,14,87,97,151,14,8,390,361,2,7,113,4,19,130,1,5,170,3,1,400,2,6,234,155,42,1,9,11,257,76,101,25,21,170,405,67,53,1,97,34,209,138
109,4,70,114,4,124,246,348,89,288,28,64,50,1,14,179,5,255,5,20,90,2,147,181,75,40,51,191,76,179,85,88,142,404,54,133,29,31,3,191,214
82,6,100,41,3,47,226,254,141,113,68,4,31,9,32,2,47,287,13,239,51,32,112,20,240,116,93,70,46,160,123,201,32,58,111,291,213,103,20,10,13,337,241
157,9,9,9,1,6,59,280,280,101,93,40,1,60,30,104,161,3,273,194,29,11,278,66,95,157,89,180,55,117,120,4,93,114,226,201,168,19,11,39,235,207
95,1,19,48,3,2,17,104,154,257,195,1,1,143,44,52,43,105,1,138,5,5,172,97,39,67,7,235,169,264,166,32,195,75,23,54,3,35,85,259,372,10,145,3,93,301,166
1,37,27,1,16,12,134,226,40,89,6,161,33,4,12,67,73,148,5,247,133,7,25,161,17,179,165,219,202,55,228,122,28,49,47,58,190,277,10,245,10,109,387,98
74,8,2,23,206,185,22,110,144,70,34,147,16,221,1,270,70,255,129,188,56,118,46,160,132,14,223,12,41,230,430,191,30,61,381,72
64,31,57,20,89,16,186,115,97,97,3,3,193,34,40,179,35,169,1,327,83,175,84,117,135,175,39,143,148,17,160,50,32,49,248,258,4,326,7,28,43,381,8
103,7,40,1,117,9,213,53,82,99,189,19,24,139,71,219,9,365,88,3,10,156,9,62,126,132,128,47,5,124,159,53,221,125,15,7,313,292,342,2,3,6,2,311,6
5,75,10,17,1,66,234,34,200,2,195,28,10,221,94,222,63,3,2,228,88,1,25,86,11,25,188,70,134,179,78,62,54,261,106,2,319,208,450,4,399,25
3,69,59,13,1,83,158,1,12,156,152,2,15,123,13,189,87,14,109,112,4,201,4,193,32,212,77,102,122,52,307,105,81,349,175,203,21,659,61
105,1,2,115,3,190,8,15,125,126,6,12,251,23,77,127,3,252,166,38,200,223,3,169,166,138,57,55,243,84,3,228,308,172,2,36,17,500,66
218,2,4,3,49,100,10,50,23,139,17,5,209,18,107,166,30,253,86,124,64,260,164,137,171,11,52,228,117,7,1,321,326,231,5,20,498,38
192,11,80,8,179,12,2,219,89,1,7,220,26,118,145,49,192,203,124,39,202,18,159,42,128,3,56,269,170,8,132,270,308,66,8,499,124
210,61,9,2,71,6,165,59,37,3,1,128,11,159,123,125,26,228,134,121,54,225,55,210,60,47,45,79,143,247,2,20,135,321,1,297,2,96,1,32,502,141
187,75,26,1,19,4,7,21,255,123,43,7,10,138,6,30,154,199,259,67,148,47,170,79,228,85,23,17,94,238,163,2,5,67,347,8,205,5,25,19,530,201
226,60,19,16,6,7,1,95,180,99,111,3,142,30,18,97,179,4,248,18,72,33,173,55,216,63,27,46,75,292,148,5,183,352,33,267,9,77,2,117,549,77
295,59,171,35,17,25,10,18,33,317,1,88,85,6,108,55,148,9,187,100,116,36,252,40,198,26,21,79,49,305,173,104,308,11,224,6,34,1,58,631,10
2,264,107,25,46,67,49,15,428,95,96,4,2,239,11,163,91,181,129,18,65,39,178,1,205,23,48,47,262,175,6,7,68,300,335,8,124,41,411,88
234,247,41,154,5,43,13,112,3,26,325,3,106,112,19,33,158,169,134,220,31,125,34,182,4,158,3,17,3,14,244,339,51,9,27,215,352,26,335,20
236,242,42,135,9,47,14,157,37,7,343,1,124,165,31,8,124,144,87,215,10,6,251,4,25,135,37,229,13,1,1,14,206,325,98,4,33,191,232,1,98,395
256,142,47,182,4,33,88,239,52,200,192,156,45,13,166,83,149,285,22,16,213,6,5,73,13,183,4,101,171,95,7,178,69,224,132,362,48
261,74,8,3,297,24,231,306,59,202,128,154,130,212,3,49,214,220,49,239,125,4,223,47,218,24,3,78,21,212,112,1,260,204
157,136,2,400,5,34,326,307,30,260,1,233,130,92,194,31,31,220,182,1,6,1,196,21,204,212,42,110,11,2,5,21,92,2,210,29,212,242
257,300,248,2,35,117,292,29,4,161,122,52,82,3,235,39,52,254,141,6,282,10,218,2,220,3,180,2,20,34,18,46,33,262,18,256,279
168,298,1,283,148,43,342,11,86,158,55,131,175,40,139,95,4,467,3,283,2,3,123,13,2,188,2,10,77,88,22,3,415,3,259,221
205,355,312,1,114,384,9,96,7,90,43,2,135,117,18,17,184,110,38,360,288,139,3,3,5,163,1,11,196,1,66,116,7,211,208,359
228,330,300,67,4,442,46,2,117,132,46,49,122,14,87,225,169,5,45,353,2,244,12,7,121,32,38,55,1,36,165,9,69,167,229,1,207,134
163,487,436,33,330,37,104,82,12,5,84,2,128,53,335,125,39,2,268,8,205,33,187,62,47,22,280,79,170,9,247,8,97,127
201,431,370,5,436,2,142,29,2,4,113,19,193,24,365,111,24,169,4,314,45,147,70,1,26,278,1,87,95,218,43,72,148,185
2,221,312,302,13,6,19,372,11,1,7,206,1,30,6,67,24,29,199,38,328,144,29,1,186,135,5,44,89,63,3,3,67,355,10,95,95,217,99,86,127,225
7,111,292,364,47,8,23,312,16,1,259,2,38,6,3,8,120,35,372,74,10,246,202,62,59,74,2,98,337,1,122,107,134,75,209,298,204
24,340,408,4,2,8,510,19,180,43,3,9,9,108,24,345,106,14,299,228,74,130,18,2,4,168,409,1,121,137,62,26,131,271,134
26,233,430,1,1,1,434,28,3,7,3,101,40,1,35,1,122,3,354,64,31,1,332,16,210,60,156,60,10,2,108,423,2,159,213,1,107,18,177,348,68
187,258,16,6,2,7,431,33,52,1,6,39,4,77,37,100,1,92,301,47,33,437,11,260,41,123,72,11,142,312,25,103,196,167,26,135,454,58
92,408,11,3,434,77,17,5,36,34,6,111,125,61,11,128,249,1,51,461,12,171,48,207,48,12,24,6,193,289,16,69,218,1,122,50,146,346,97
172,321,8,21,12,452,87,4,78,34,58,128,48,41,41,217,246,46,469,3,173,9,232,28,6,3,25,7,208,139,20,57,197,7,157,26,121,441,144
15,155,237,40,72,3,379,94,59,5,212,19,4,129,380,26,33,25,149,184,90,5,322,183,201,7,1,85,124,172,217,3,135,18,168,359,75
58,262,159,44,43,457,111,104,3,126,24,73,288,9,1,47,147,1,230,74,5,440,24,223,4,147,2,23,3,5,12,1,153,113,7,5,118,97,1,66,33,112,400,56
11,122,277,302,115,43,482,158,74,176,4,2,66,191,27,126,290,73,28,1,15,320,1,129,231,19,7,8,21,1,5,142,86,10,92,124,17,28,78,165,347,18
4,11,59,125,4,263,14,39,483,136,130,2,239,18,49,198,54,165,267,78,36,16,318,236,1,296,45,17,2,41,1,3,113,90,7,87,31,21,246,51,363,23
36.0,16.0,4.0,49.0,198.0,318.0,3.0,113.0,90.0,7.0,87.0,236.0,1.0,296.0,11.0,59.0,54.0,125.0,165.0,45.0,17.0,4.0,31.0,2.0,263.0,14.0,21.0,246.0,41.0,39.0,1.0,267.0,483.0,136.0,130.0,51.0,363.0,2.0,23.0,239.0,18.0,78.0
30.0,5.0,31.0,84.0,288.0,254.0,61.0,23.0,6.0,405.0,130.0,86.0,5.0,276.0,66.0,72.0,3.0,142.0,253.0,38.0,39.0,7.0,12.0,343.0,12.0,248.0,321.0,48.0,19.0,14.0,44.0,4.0,77.0,29.0,38.0,122.0,311.0,49.0,291.0
5.0,18.0,52.0,301.0,319.0,63.0,20.0,26.0,434.0,135.0,143.0,314.0,4.0,94.0,201.0,16.0,101.0,2.0,175.0,65.0,53.0,274.0,45.0,249.0,315.0,73.0,123.0,3.0,20.0,10.0,70.0,4.0,1.0,1.0,50.0,191.0,61.0,224.0
44.0,7.0,19.0,268.0,300.0,36.0,3.0,243.0,42.0,150.0,10.0,315.0,15.0,80.0,304.0,2.0,160.0,12.0,165.0,63.0,34.0,3.0,233.0,105.0,170.0,420.0,90.0,124.0,4.0,10.0,11.0,132.0,10.0,7.0,2.0,127.0,9.0,396.0
41.0,16.0,8.0,307.0,345.0,29.0,5.0,172.0,73.0,220.0,327.0,26.0,99.0,222.0,3.0,135.0,8.0,92.0,120.0,51.0,4.0,273.0,157.0,153.0,342.0,114.0,165.0,3.0,5.0,47.0,9.0,25.0,12.0,223.0,3.0,298.0
6.0,9.0,26.0,44.0,277.0,287.0,13.0,257.0,102.0,217.0,288.0,2.0,3.0,102.0,181.0,171.0,25.0,56.0,118.0,42.0,2.0,266.0,312.0,203.0,278.0,87.0,175.0,52.0,2.0,16.0,13.0,14.0,4.0,186.0,214.0
23.0,2.0,7.0,17.0,190.0,269.0,1.0,195.0,221.0,278.0,219.0,18.0,135.0,207.0,5.0,148.0,17.0,2.0,152.0,103.0,24.0,148.0,311.0,1.0,126.0,22.0,343.0,132.0,172.0,1.0,155.0,6.0,2.0,11.0,8.0,8.0,80.0,292.0
31.0,11.0,194.0,261.0,140.0,28.0,353.0,17.0,112.0,11.0,162.0,115.0,167.0,157.0,232.0,169.0,150.0,268.0,23.0,104.0,226.0,4.0,10.0,5.0,65.0,2.0,4.0,6.0,153.0,12.0,1.0,11.0,11.0,271.0,98.0,139.0
1.0,270.0,90.0,9.0,1.0,3.0,138.0,335.0,188.0,310.0,24.0,74.0,269.0,105.0,6.0,9.0,149.0,141.0,1.0,8.0,120.0,413.0,165.0,33.0,312.0,105.0,110.0,136.0,1.0,6.0,1.0,46.0,19.0,328.0
1.0,2.0,229.0,35.0,16.0,53.0,322.0,290.0,164.0,53.0,207.0,15.0,81.0,3.0,138.0,282.0,7.0,76.0,279.0,142.0,43.0,264.0,107.0,188.0,125.0,5.0,3.0,62.0,25.0,141.0,288.0
7.0,29.0,381.0,153.0,1.0,324.0,15.0,82.0,23.0,2.0,341.0,146.0,12.0,27.0,37.0,413.0,229.0,24.0,143.0,2.0,35.0,243.0,12.0,179.0,155.0,16.0,114.0,1.0,204.0,107.0,313.0
3.0,46.0,314.0,10.0,10.0,15.0,15.0,536.0,124.0,126.0,158.0,18.0,6.0,138.0,8.0,111.0,226.0,19.0,40.0,46.0,345.0,119.0,298.0,86.0,56.0,3.0,125.0,12.0,64.0,7.0,6.0,249.0,14.0,21.0,227.0
2.0,4.0,71.0,332.0,70.0,47.0,1.0,18.0,495.0,140.0,118.0,129.0,11.0,61.0,5.0,80.0,166.0,10.0,3.0,12.0,35.0,428.0,131.0,3.0,244.0,123.0,60.0,175.0,14.0,10.0,52.0,8.0,192.0,34.0,2.0,170.0,6.0
83.0,417.0,152.0,267.0,64.0,37.0,409.0,26.0,25.0,45.0,2.0,2.0,52.0,509.0,119.0,71.0,13.0,52.0,74.0,4.0,91.0,3.0,1.0,196.0,65.0,80.0,2.0,6.0,2.0,192.0,74.0,262.0,7.0
55.0,216.0,18.0,33.0,14.0,14.0,15.0,34.0,661.0,117.0,37.0,183.0,3.0,123.0,69.0,1.0,78.0,191.0,17.0,50.0,313.0,109.0,299.0,2.0,13.0,89.0,46.0,1.0,42.0,51.0,292.0,4.0,51.0,276.0,25.0
3.0,60.0,295.0,13.0,12.0,80.0,14.0,5.0,33.0,20.0,585.0,116.0,89.0,99.0,2.0,1.0,123.0,20.0,1.0,52.0,129.0,2.0,4.0,44.0,53.0,342.0,120.0,8.0,277.0,44.0,20.0,135.0,117.0,5.0,213.0,60.0,220.0
5.0,239.0,55.0,8.0,79.0,64.0,6.0,15.0,610.0,104.0,46.0,2.0,129.0,5.0,156.0,35.0,32.0,86.0,44.0,62.0,146.0,356.0,91.0,246.0,2.0,69.0,69.0,3.0,84.0,100.0,271.0,30.0,171.0,8.0
55.0,92.0,262.0,58.0,258.0,18.0,1.0,278.0,2.0,18.0,3.0,49.0,64.0,3.0,14.0,562.0,140.0,60.0,70.0,9.0,22.0,102.0,43.0,161.0,1.0,136.0,52.0,96.0,2.0,125.0,280.0,27.0,128.0,43.0
180.0,42.0,22.0,9.0,16.0,623.0,133.0,5.0,11.0,64.0,96.0,82.0,15.0,76.0,9.0,108.0,166.0,219.0,5.0,2.0,288.0,35.0,2.0,20.0,101.0,165.0,145.0,297.0,1.0,44.0,264.0,20.0
88.0,154.0,268.0,31.0,356.0,40.0,160.0,10.0,26.0,12.0,9.0,3.0,416.0,179.0,1.0,5.0,114.0,23.0,15.0,108.0,262.0,264.0,80.0,113.0,15.0,10.0,335.0,39.0,36.0,2.0,41.0
147.0,212.0,355.0,41.0,21.0,315.0,1.0,9.0,4.0,162.0,35.0,79.0,25.0,396.0,149.0,212.0,12.0,8.0,66.0,198.0,145.0,44.0,124.0,4.0,3.0,16.0,264.0,96.0,16.0,50.0
83.0,323.0,220.0,35.0,66.0,290.0,8.0,1.0,6.0,208.0,51.0,118.0,108.0,295.0,108.0,8.0,213.0,2.0,1.0,15.0,21.0,91.0,221.0,15.0,188.0,52.0,29.0,3.0,11.0,200.0,142.0,22.0,99.0
112.0,249.0,153.0,22.0,91.0,66.0,2.0,287.0,16.0,106.0,267.0,227.0,139.0,193.0,26.0,34.0,68.0,182.0,288.0,74.0,16.0,38.0,135.0,11.0,244.0
179.0,185.0,124.0,16.0,93.0,67.0,2.0,166.0,3.0,160.0,255.0,13.0,202.0,87.0,236.0,20.0,43.0,74.0,170.0,249.0,37.0,7.0,7.0,3.0,11.0,80.0,187.0,5.0,321.0
266.0,162.0,112.0,23.0,68.0,15.0,3.0,91.0,3.0,1.0,99.0,276.0,4.0,226.0,144.0,275.0,22.0,7.0,58.0,113.0,1.0,276.0,82.0,105.0,3.0,153.0,437.0
293.0,69.0,135.0,5.0,74.0,36.0,3.0,231.0,16.0,17.0,136.0,294.0,12.0,255.0,90.0,26.0,203.0,6.0,20.0,57.0,132.0,245.0,69.0,11.0,59.0,45.0,12.0,349.0
214.0,62.0,89.0,6.0,4.0,64.0,38.0,433.0,35.0,10.0,110.0,266.0,19.0,273.0,135.0,9.0,256.0,8.0,6.0,30.0,12.0,144.0,280.0,60.0,1.0,92.0,2.0,28.0,307.0
336.0,98.0,43.0,23.0,36.0,7.0,12.0,4.0,1.0,328.0,16.0,2.0,108.0,269.0,8.0,252.0,113.0,1.0,324.0,49.0,35.0,38.0,135.0,169.0,52.0,23.0,1.0,72.0,8.0,286.0
211.0,122.0,5.0,2.0,35.0,16.0,19.0,419.0,35.0,142.0,250.0,363.0,86.0,243.0,81.0,4.0,26.0,65.0,76.0,167.0,91.0,1.0,16.0,305.0
173.0,152.0,4.0,74.0,36.0,15.0,56.0,424.0,43.0,1.0,122.0,240.0,173.0,66.0,249.0,84.0,51.0,53.0,133.0,111.0,58.0,1.0,3.0,20.0,1.0,1.0,1.0,18.0,344.0
303.0,179.0,21.0,36.0,5.0,29.0,37.0,85.0,372.0,54.0,178.0,232.0,112.0,52.0,284.0,203.0,70.0,10.0,89.0,88.0,41.0,1.0,11.0,10.0,1.0,338.0
272.0,57.0,1.0,46.0,45.0,2.0,72.0,16.0,100.0,367.0,128.0,73.0,245.0,68.0,30.0,295.0,189.0,90.0,109.0,43.0,10.0,32.0,110.0,3.0,4.0,406.0
201.0,19.0,16.0,53.0,39.0,107.0,14.0,43.0,452.0,11.0,249.0,19.0,24.0,173.0,118.0,306.0,228.0,53.0,95.0,15.0,29.0,109.0,23.0,1.0,9.0,2.0,396.0
144.0,7.0,25.0,51.0,6.0,121.0,13.0,53.0,493.0,1.0,196.0,23.0,48.0,295.0,42.0,5.0,17.0,220.0,167.0,11.0,126.0,14.0,11.0,125.0,7.0,23.0,13.0,1.0,369.0
234.0,17.0,24.0,66.0,2.0,102.0,27.0,362.0,188.0,20.0,215.0,34.0,400.0,236.0,1.0,89.0,1.0,14.0,153.0,2.0,17.0,408.0
186.0,10.0,31.0,40.0,92.0,33.0,264.0,6.0,286.0,228.0,68.0,316.0,186.0,166.0,5.0,13.0,2.0,131.0,90.0,3.0,2.0,6.0,356.0
198.0,1.0,65.0,60.0,76.0,1.0,344.0,328.0,204.0,54.0,10.0,318.0,195.0,171.0,3.0,74.0,64.0,2.0,8.0,48.0,1.0,4.0,432.0
297.0,2.0,129.0,62.0,66.0,239.0,313.0,35.0,31.0,7.0,289.0,247.0,112.0,1.0,1.0,3.0,97.0,32.0,108.0,41.0,67.0,8.0,363.0
295.0,2.0,169.0,33.0,64.0,182.0,230.0,3.0,25.0,56.0,366.0,200.0,142.0,1.0,15.0,95.0,23.0,24.0,20.0,71.0,1.0,499.0
466.0,7.0,76.0,3.0,91.0,14.0,106.0,5.0,301.0,4.0,42.0,99.0,269.0,205.0,128.0,48.0,58.0,17.0,46.0,1.0,27.0,367.0
420.0,35.0,1.0,183.0,13.0,41.0,58.0,237.0,10.0,1.0,34.0,85.0,18.0,358.0,156.0,24.0,149.0,1.0,39.0,48.0,56.0,101.0,93.0,307.0
516.0,28.0,139.0,1.0,31.0,24.0,351.0,6.0,54.0,51.0,336.0,236.0,1.0,144.0,1.0,27.0,86.0,70.0,2.0,39.0,26.0,288.0
520.0,7.0,1.0,79.0,30.0,60.0,2.0,26.0,365.0,57.0,25.0,15.0,363.0,186.0,37.0,121.0,28.0,56.0,47.0,5.0,46.0,29.0,245.0
542.0,30.0,18.0,42.0,18.0,1.0,51.0,439.0,89.0,3.0,3.0,247.0,206.0,71.0,77.0,16.0,76.0,64.0,3.0,91.0,9.0,311.0
690.0,14.0,2.0,4.0,3.0,63.0,28.0,3.0,61.0,458.0,139.0,212.0,201.0,4.0,81.0,12.0,49.0,72.0,4.0,73.0,13.0,264.0
498.0,14.0,6.0,24.0,83.0,38.0,18.0,58.0,584.0,1.0,105.0,227.0,159.0,2.0,161.0,2.0,12.0,13.0,28.0,62.0,3.0,2.0,34.0,9.0,1.0,237.0
614.0,2.0,9.0,5.0,27.0,70.0,22.0,57.0,553.0,3.0,1.0,87.0,215.0,206.0,73.0,6.0,87.0,104.0,5.0,12.0,78.0,1.0,119.0
535.0,3.0,11.0,40.0,17.0,13.0,31.0,669.0,1.0,12.0,168.0,234.0,167.0,139.0,4.0,3.0,43.0,27.0,1.0,39.0,30.0
538.0,10.0,8.0,16.0,6.0,55.0,61.0,10.0,3.0,763.0,14.0,5.0,146.0,178.0,163.0,127.0,6.0,3.0,62.0,18.0,29.0,17.0,18.0,9.0,15.0
515.0,2.0,21.0,64.0,98.0,11.0,1.0,772.0,7.0,70.0,177.0,137.0,141.0,50.0,8.0,69.0,40.0,21.0,1.0
453.0,26.0,86.0,90.0,126.0,67.0,2.0,697.0,6.0,55.0,1.0,15.0,149.0,113.0,101.0,165.0,5.0,6.0
333.0,16.0,79.0,55.0,70.0,596.0,23.0,193.0,2.0,232.0,147.0,1.0,90.0,34.0,15.0,1.0,24.0,200.0,15.0,4.0,12.0
474.0,4.0,66.0,118.0,86.0,516.0,34.0,161.0,196.0,93.0,4.0,100.0,40.0,20.0,4.0,34.0,258.0,3.0,37.0,9.0
490.0,81.0,76.0,10.0,523.0,35.0,172.0,3.0,120.0,60.0,4.0,81.0,1.0,32.0,6.0,5.0,39.0,260.0,53.0,3.0
559.0,3.0,32.0,93.0,1.0,499.0,176.0,57.0,108.0,152.0,102.0,51.0,1.0,27.0,284.0,2.0,15.0
610.0,13.0,52.0,45.0,1.0,495.0,2.0,43.0,2.0,178.0,14.0,184.0,104.0,68.0,5.0,18.0,57.0,185.0,1.0
493.0,20.0,2.0,1.0,365.0,19.0,4.0,145.0,6.0,249.0,168.0,51.0,20.0,61.0,1.0,39.0,133.0,295.0
419.0,2.0,24.0,5.0,22.0,3.0,281.0,43.0,156.0,297.0,99.0,2.0,70.0,8.0,76.0,28.0,238.0,328.0
440.0,25.0,3.0,12.0,46.0,265.0,33.0,1.0,110.0,91.0,121.0,3.0,64.0,42.0,85.0,41.0,20.0,202.0,367.0,4.0
400.0,87.0,23.0,6.0,57.0,7.0,225.0,38.0,124.0,118.0,61.0,81.0,78.0,48.0,49.0,162.0,377.0,87.0
377.0,33.0,97.0,35.0,147.0,100.0,162.0,104.0,28.0,224.0,68.0,444.0,82.0,62.0,46.0
346.0,24.0,104.0,28.0,165.0,67.0,1.0,131.0,141.0,1.0,17.0,311.0,144.0,375.0,18.0,58.0,50.0,4.0
230.0,9.0,242.0,64.0,17.0,153.0,2.0,9.0,13.0,92.0,22.0,50.0,212.0,396.0,341.0,134.0
76.0,8.0,23.0,209.0,1.0,68.0,22.0,15.0,6.0,174.0,3.0,18.0,62.0,5.0,31.0,303.0,378.0,424.0,122.0
43.0,88.0,46.0,229.0,46.0,15.0,288.0,13.0,234.0,139.0,541.0,38.0,104.0
48.0,89.0,2.0,18.0,48.0,176.0,43.0,9.0,3.0,268.0,14.0,105.0,126.0,699.0,105.0,72.0
35.0,79.0,4.0,3.0,30.0,182.0,55.0,10.0,327.0,11.0,82.0,2.0,118.0,690.0,4.0,1.0,38.0,124.0
87.0,4.0,211.0,23.0,7.0,144.0,28.0,6.0,83.0,55.0,48.0,335.0,2.0,72.0,729.0,73.0
81.0,54.0,2.0,4.0,70.0,2.0,231.0,59.0,4.0,13.0,384.0,5.0,24.0,2.0,123.0,2.0,723.0,23.0,55.0
27.0,37.0,84.0,184.0,43.0,399.0,5.0,4.0,102.0,1.0,670.0,16.0,102.0,11.0
79.0,1.0,139.0,2.0,205.0,46.0,427.0,22.0,6.0,121.0,706.0,1.0,111.0
70.0,130.0,150.0,60.0,457.0,3.0,138.0,648.0,5.0,80.0,6.0
6.0,1.0,54.0,20.0,118.0,235.0,43.0,5.0,1.0,319.0,12.0,107.0,728.0,3.0,104.0,93.0
52.0,1.0,6.0,140.0,1.0,188.0,42.0,296.0,1.0,110.0,623.0,89.0,153.0
56.0,1.0,198.0,2.0,179.0,35.0,3.0,260.0,4.0,137.0,534.0,1.0,64.0,149.0
25.0,57.0,5.0,245.0,4.0,192.0,29.0,5.0,258.0,6.0,130.0,603.0,2.0,1.0,78.0,135.0
12.0,31.0,203.0,89.0,5.0,9.0,101.0,11.0,54.0,333.0,2.0,18.0,262.0,3.0,438.0,78.0
1.0,48.0,255.0,30.0,168.0,36.0,186.0,1.0,11.0,138.0,561.0,110.0,60.0
12.0,39.0,339.0,12.0,169.0,1.0,191.0,2.0,13.0,1.0,139.0,492.0,3.0,160.0,50.0
36.0,47.0,21.0,2.0,383.0,24.0,163.0,6.0,155.0,88.0,1.0,435.0,198.0,82.0
98.0,35.0,2.0,472.0,28.0,184.0,218.0,89.0,317.0,83.0,75.0
199.0,37.0,442.0,19.0,137.0,1.0,27.0,3.0,119.0,91.0,288.0,1.0,9.0,49.0,60.0
316.0,39.0,545.0,27.0,111.0,38.0,3.0,120.0,105.0,248.0,5.0,1.0,25.0,55.0
350.0,70.0,502.0,20.0,114.0,52.0,57.0,70.0,255.0,1.0,22.0,6.0
476.0,63.0,564.0,4.0,186.0,94.0,6.0,55.0,184.0
400.0,39.0,13.0,535.0,27.0,202.0,9.0,67.0,2.0,1.0,51.0,176.0
408.0,47.0,5.0,5.0,513.0,8.0,117.0,4.0,84.0,1.0,52.0,92.0,112.0,2.0
329.0,43.0,627.0,6.0,93.0,1.0,2.0,66.0,8.0,1.0,82.0,84.0,35.0,4.0,1.0
379.0,40.0,695.0,18.0,17.0,1.0,74.0,13.0,3.0,115.0,1.0,101.0,1.0,53.0
314.0,58.0,2.0,708.0,3.0,56.0,20.0,13.0,171.0,4.0,117.0,1.0,30.0
379.0,43.0,761.0,12.0,87.0,26.0,8.0,160.0,1.0,62.0,15.0
322.0,23.0,2.0,661.0,16.0,7.0,60.0,36.0,216.0,15.0,84.0,22.0
192.0,4.0,96.0,675.0,7.0,7.0,47.0,151.0,4.0,123.0,5.0,27.0,50.0
119.0,10.0,67.0,663.0,8.0,4.0,36.0,179.0,145.0,1.0,33.0,46.0,1.0,1.0
87.0,5.0,66.0,652.0,8.0,48.0,237.0,154.0,37.0,83.0
50.0,3.0,64.0,586.0,56.0,360.0,128.0,1.0,1.0,27.0,97.0
38.0,23.0,65.0,637.0,54.0,361.0,164.0,6.0,3.0,5.0,58.0
25.0,43.0,79.0,560.0,52.0,307.0,164.0,2.0,64.0,3.0
29.0,34.0,75.0,656.0,3.0,56.0,285.0,152.0,7.0,5.0,71.0
33.0,4.0,51.0,639.0,26.0,16.0,356.0,151.0,2.0,26.0,2.0,1.0,5.0,69.0,1.0
24.0,31.0,71.0,585.0,9.0,17.0,295.0,150.0,17.0,41.0,15.0
67.0,36.0,79.0,666.0,3.0,15.0,195.0,112.0,17.0,1.0,12.0,33.0
28.0,22.0,67.0,606.0,1.0,49.0,322.0,120.0,1.0,29.0,59.0,1.0
30.0,26.0,73.0,595.0,1.0,37.0,232.0,43.0,4.0,94.0,1.0,58.0
60.0,21.0,1.0,78.0,647.0,34.0,222.0,48.0,1.0,57.0,15.0,82.0,4.0
41.0,21.0,38.0,570.0,9.0,48.0,269.0,3.0,55.0,36.0,2.0,67.0,4.0
10.0,24.0,66.0,577.0,48.0,30.0,350.0,26.0,14.0,95.0,6.0,79.0,2.0
11.0,61.0,374.0,111.0,32.0,328.0,1.0,160.0,7.0,6.0,109.0,2.0
12.0,7.0,55.0,316.0,272.0,38.0,283.0,5.0,106.0,1.0,13.0,111.0,45.0
2.0,100.0,323.0,283.0,32.0,213.0,19.0,111.0,6.0,12.0,1.0,80.0,76.0
64.0,302.0,356.0,29.0,131.0,4.0,23.0,96.0,3.0,19.0,29.0,135.0
4.0,40.0,195.0,463.0,42.0,108.0,19.0,18.0,139.0,12.0,25.0,198.0
44.0,184.0,474.0,14.0,114.0,10.0,4.0,1.0,12.0,91.0,9.0,217.0
3.0,44.0,109.0,524.0,68.0,56.0,9.0,52.0,127.0,14.0,1.0,270.0
52.0,152.0,462.0,3.0,61.0,14.0,32.0,81.0,26.0,41.0,272.0
82.0,70.0,516.0,79.0,7.0,31.0,7.0,11.0,105.0,15.0,331.0
68.0,82.0,483.0,46.0,23.0,32.0,16.0,67.0,29.0,311.0
3.0,1.0,44.0,52.0,458.0,1.0,50.0,28.0,62.0,21.0,79.0,28.0,300.0,5.0
61.0,24.0,447.0,5.0,94.0,11.0,16.0,20.0,83.0,54.0,331.0
2.0,55.0,12.0,445.0,19.0,98.0,4.0,18.0,7.0,116.0,58.0,263.0,3.0
40.0,3.0,28.0,473.0,25.0,125.0,6.0,5.0,18.0,29.0,62.0,19.0,298.0,4.0
387.0,173.0,3.0,27.0,5.0,46.0,86.0,43.0,255.0
3.0,310.0,212.0,1.0,39.0,37.0,76.0,110.0,267.0
275.0,4.0,203.0,51.0,38.0,134.0,123.0,282.0
31.0,19.0,318.0,106.0,40.0,62.0,83.0,230.0,232.0
98.0,263.0,172.0,38.0,55.0,103.0,304.0,163.0
134.0,191.0,1.0,98.0,28.0,35.0,112.0,340.0,106.0
123.0,128.0,6.0,92.0,35.0,46.0,90.0,371.0,103.0
76.0,8.0,74.0,2.0,20.0,76.0,33.0,51.0,84.0,406.0,174.0
74.0,93.0,11.0,93.0,25.0,32.0,86.0,401.0,174.0
102.0,79.0,21.0,24.0,30.0,37.0,110.0,483.0,172.0
67.0,1.0,39.0,3.0,1.0,13.0,49.0,27.0,61.0,83.0,534.0,197.0
50.0,6.0,34.0,54.0,23.0,24.0,32.0,78.0,517.0,163.0
120.0,15.0,4.0,10.0,1.0,69.0,43.0,12.0,17.0,43.0,487.0,73.0,36.0
171.0,20.0,5.0,13.0,85.0,32.0,35.0,10.0,505.0,75.0,57.0
148.0,2.0,26.0,145.0,41.0,2.0,35.0,408.0,43.0,84.0
225.0,11.0,200.0,40.0,11.0,44.0,416.0,4.0,86.0
200.0,23.0,5.0,2.0,206.0,5.0,25.0,443.0,2.0,5.0,65.0
208.0,6.0,5.0,37.0,440.0,7.0,100.0,188.0
172.0,11.0,52.0,2.0,173.0,365.0,45.0,43.0
105.0,8.0,36.0,12.0,190.0,4.0,415.0,48.0,89.0
114.0,30.0,28.0,264.0,1.0,1.0,353.0,30.0,70.0
150.0,53.0,8.0,30.0,13.0,338.0,1.0,289.0,33.0,85.0
203.0,23.0,3.0,5.0,17.0,434.0,1.0,148.0,98.0
204.0,29.0,10.0,399.0,5.0,181.0,73.0
182.0,42.0,13.0,412.0,1.0,105.0,2.0,57.0
206.0,19.0,22.0,570.0,37.0,1.0,88.0
200.0,43.0,17.0,567.0,33.0,65.0
181.0,60.0,2.0,60.0,9.0,62.0,505.0
196.0,1.0,17.0,17.0,514.0,37.0,19.0,15.0,2.0,34.0
155.0,19.0,12.0,512.0,39.0,20.0,47.0,3.0,24.0
181.0,27.0,3.0,20.0,541.0,21.0,8.0,30.0,34.0
139.0,2.0,35.0,42.0,17.0,563.0,23.0,13.0,39.0
146.0,72.0,14.0,15.0,461.0,22.0,6.0,76.0
124.0,2.0,87.0,31.0,17.0,60.0,482.0,31.0
70.0,1.0,13.0,60.0,120.0,8.0,514.0,18.0,1.0,84.0
91.0,114.0,69.0,7.0,2.0,44.0,460.0,37.0
111.0,14.0,162.0,67.0,11.0,49.0,412.0,24.0
92.0,55.0,174.0,34.0,7.0,3.0,6.0,425.0,34.0
50.0,37.0,203.0,85.0,8.0,334.0,30.0,3.0,40.0
26.0,58.0,196.0,138.0,17.0,10.0,15.0,302.0,11.0
3.0,67.0,278.0,161.0,8.0,266.0,32.0,4.0,6.0,2.0
63.0,288.0,166.0,12.0,1.0,10.0,1.0,194.0,30.0
79.0,9.0,287.0,159.0,235.0,25.0,9.0,1.0,1.0
47.0,2.0,334.0,151.0,171.0,34.0,8.0
59.0,321.0,139.0,22.0,153.0,27.0
60.0,3.0,453.0,157.0,9.0,104.0,30.0
50.0,9.0,494.0,166.0,44.0,12.0
49.0,21.0,479.0,159.0,2.0,17.0,11.0
77.0,26.0,560.0,121.0,5.0
11.0,36.0,41.0,23.0,442.0,93.0,14.0,4.0,34.0
40.0,39.0,29.0,476.0,35.0,20.0,7.0,59.0
60.0,26.0,47.0,467.0,18.0,6.0,13.0,6.0,66.0
61.0,16.0,27.0,526.0,49.0,5.0,29.0,3.0,80.0
59.0,7.0,26.0,468.0,4.0,11.0,69.0,3.0,80.0
50.0,18.0,495.0,3.0,2.0,104.0
37.0,18.0,448.0,3.0,8.0,11.0,3.0,127.0,32.0
55.0,14.0,416.0,11.0,144.0,19.0,4.0,13.0
42.0,29.0,457.0,5.0,87.0,3.0,33.0
55.0,25.0,429.0,11.0,77.0,37.0
45.0,1.0,20.0,391.0,10.0,56.0,46.0
63.0,1.0,24.0,453.0,11.0,108.0,1.0,47.0
46.0,24.0,467.0,9.0,85.0,5.0,50.0
34.0,12.0,422.0,1.0,1.0,91.0,4.0,13.0,54.0,7.0
44.0,15.0,410.0,8.0,91.0,8.0,43.0,56.0
73.0,4.0,443.0,4.0,48.0,35.0,24.0,164.0
23.0,5.0,357.0,20.0,102.0,1.0,17.0,28.0,27.0,2.0
2.0,37.0,368.0,12.0,124.0,21.0,97.0,22.0,2.0
26.0,235.0,50.0,108.0,18.0,161.0,9.0,7.0,6.0
27.0,279.0,33.0,114.0,21.0,197.0,6.0,14.0
25.0,2.0,172.0,28.0,123.0,21.0,282.0,10.0,20.0
172.0,4.0,33.0,122.0,16.0,235.0,1.0,36.0,9.0
134.0,1.0,4.0,52.0,105.0,21.0,220.0,51.0
127.0,71.0,155.0,17.0,258.0,40.0
76.0,69.0,103.0,22.0,335.0,46.0
64.0,301.0,42.0,1.0,28.0,151.0,9.0
22.0,461.0,7.0,35.0,2.0,19.0,7.0,123.0
4.0,436.0,6.0,40.0,21.0,117.0
15.0,427.0,42.0,7.0,114.0,8.0
22.0,461.0,2.0,44.0,15.0,108.0
5.0,417.0,3.0,1.0,40.0,1.0,17.0,120.0
402.0,23.0,34.0,1.0,90.0
1.0,3.0,377.0,17.0,28.0,7.0,107.0
2.0,415.0,16.0,36.0,85.0
445.0,18.0,14.0,17.0,91.0
448.0,23.0,18.0,17.0,1.0,106.0
6.0,344.0,45.0,11.0,9.0,94.0
437.0,11.0,31.0,7.0,16.0,102.0
350.0,3.0,38.0,8.0,90.0
2.0,393.0,4.0,21.0,18.0,5.0,91.0
427.0,39.0,8.0,89.0
25.0,9.0,2.0,1.0,93.0,414.0
2.0,359.0,23.0,15.0,3.0,80.0
5.0,348.0,37.0,15.0,24.0,93.0
382.0,3.0,20.0,19.0,57.0,95.0
352.0,42.0,9.0,44.0,98.0
315.0,28.0,9.0,25.0,74.0
258.0,22.0,14.0,4.0,80.0,81.0,1.0
270.0,48.0,16.0,137.0,102.0
243.0,3.0,45.0,7.0,176.0,110.0
223.0,22.0,8.0,165.0,7.0,90.0
231.0,4.0,37.0,14.0,166.0,90.0
216.0,1.0,24.0,11.0,154.0,72.0
2.0,117.0,23.0,10.0,228.0,55.0
1.0,28.0,255.0,15.0,84.0,79.0,1.0
66.0,30.0,293.0,4.0,60.0
19.0,20.0,27.0,357.0,4.0,38.0,2.0
18.0,20.0,31.0,1.0,310.0,56.0
6.0,21.0,28.0,7.0,5.0,365.0,53.0
20.0,33.0,35.0,367.0,32.0
50.0,1.0,29.0,38.0,313.0,36.0
8.0,32.0,33.0,303.0,40.0
11.0,27.0,263.0,42.0
5.0,17.0,347.0,42.0,1.0
5.0,18.0,306.0,58.0,1.0
6.0,5.0,25.0,1.0,341.0,63.0,2.0
10.0,30.0,281.0,52.0,1.0
18.0,13.0,258.0,61.0
7.0,21.0,338.0,5.0,67.0,1.0
1.0,23.0,283.0,50.0,11.0
6.0,29.0,281.0,40.0,8.0
5.0,21.0,302.0,39.0,29.0
1.0,12.0,263.0,37.0,20.0
13.0,301.0,71.0,5.0
37.0,316.0,56.0,7.0
1.0,20.0,293.0,67.0,8.0
21.0,265.0,76.0,11.0
22.0,233.0,44.0,39.0
16.0,22.0,203.0,33.0,52.0
24.0,16.0,204.0,19.0,85.0
28.0,5.0,234.0,14.0,29.0,85.0
67.0,210.0,23.0,105.0
50.0,207.0,23.0,66.0
49.0,137.0,8.0,100.0
35.0,21.0,11.0,132.0,143.0
1.0,17.0,55.0,146.0,146.0
18.0,61.0,152.0,177.0
13.0,38.0,105.0,140.0
17.0,62.0,76.0,189.0
20.0,44.0,48.0,224.0
21.0,38.0,52.0,4.0,261.0
25.0,43.0,15.0,1.0,271.0
13.0,43.0,261.0
14.0,41.0,263.0
10.0,50.0,4.0,269.0
24.0,58.0,279.0
6.0,21.0,9.0,1.0,22.0,273.0
9.0,1.0,47.0,232.0
14.0,52.0,251.0
17.0,1.0,64.0,306.0
20.0,1.0,65.0,272.0
20.0,14.0,38.0,210.0
17.0,7.0,27.0,239.0
19.0,4.0,49.0,225.0
15.0,66.0,235.0
4.0,14.0,51.0,240.0
4.0,12.0,46.0,211.0
15.0,52.0,216.0
1.0,8.0,56.0,266.0
13.0,1.0,51.0,238.0
11.0,50.0,250.0
9.0,1.0,40.0,167.0
13.0,39.0,215.0
32.0,173.0
42.0,190.0
23.0,166.0
29.0,187.0
2.0,38.0,155.0
43.0,161.0
33.0,146.0
43.0,169.0
51.0,200.0
8.0,43.0,171.0
20.0,33.0,131.0
17.0,41.0,85.0
21.0,32.0,135.0
25.0,24.0,145.0
44.0,31.0,97.0
40.0,27.0,98.0
60.0,27.0,74.0
82.0,29.0,63.0
82.0,29.0,63.0
98.0,24.0,26.0
117.0,14.0,6.0
132.0,32.0,1.0
3.0,98.0,10.0
140.0,33.0
152.0,43.0
123.0,16.0
157.0,25.0
2.0,143.0,25.0
185.0,26.0
157.0,27.0
190.0,44.0
175.0,29.0
135.0,42.0
142.0,25.0
128.0,33.0
124.0,20.0
137.0,35.0
115.0,22.0
155.0,43.0
5.0,182.0,47.0
3.0,146.0,26.0
6.0,146.0,28.0
13.0,148.0,25.0
11.0,136.0,22.0
15.0,130.0,16.0
4.0,2.0,158.0,33.0
3.0,18.0,139.0,25.0
26.0,35.0,181.0,6.0
35.0,13.0,146.0
33.0,16.0,118.0
34.0,13.0,150.0
30.0,22.0,142.0
25.0,45.0,102.0
38.0,51.0,132.0,4.0
28.0,85.0,127.0,1.0
44.0,77.0,79.0
32.0,94.0,65.0
57.0,87.0,107.0
44.0,123.0,66.0
44.0,204.0,25.0
37.0,149.0,14.0
46.0,181.0
41.0,232.0
40.0,187.0,6.0,1.0
33.0,181.0,19.0
52.0,199.0,38.0
46.0,173.0,48.0
49.0,150.0,44.0
5.0,37.0,124.0,49.0
6.0,38.0,112.0,78.0
14.0,39.0,77.0,89.0
36.0,43.0,1.0,136.0
39.0,4.0,3.0,207.0
18.0,1.0,181.0,4.0
30.0,3.0,238.0,16.0
18.0,245.0,22.0
2.0,252.0,37.0
268.0,33.0
15.0,3.0,232.0,22.0
48.0,3.0,26.0,226.0
36.0,3.0,42.0,208.0
58.0,8.0,57.0,2.0,156.0
39.0,8.0,81.0,1.0,106.0
16.0,12.0,9.0,94.0,73.0
41.0,5.0,7.0,93.0,100.0
4.0,47.0,140.0,105.0
1.0,3.0,52.0,180.0,85.0
16.0,18.0,142.0,38.0
38.0,194.0,8.0
31.0,2.0,221.0,1.0
38.0,11.0,255.0
26.0,26.0,264.0
22.0,34.0,245.0,1.0
18.0,22.0,215.0
13.0,36.0,243.0,3.0
21.0,24.0,225.0,8.0
54.0,241.0,8.0
47.0,205.0,15.0
225.0,6.0,45.0,5.0
226.0,48.0,8.0
206.0,29.0
298.0,41.0
248.0,54.0
248.0,3.0,48.0
304.0,5.0,72.0
257.0,1.0,48.0
260.0,52.0
248.0,44.0
273.0,37.0,10.0
296.0,1.0,41.0,18.0
252.0,1.0,12.0,32.0
1.0,285.0,8.0,42.0
251.0,67.0,2.0
284.0,48.0
241.0,41.0
216.0,3.0,38.0
3.0,260.0,69.0,1.0
236.0,55.0
265.0,56.0
264.0,41.0
1.0,241.0,63.0
254.0,45.0,1.0
239.0,51.0
220.0,2.0,38.0
213.0,13.0,68.0
288.0,1.0,42.0
4.0,298.0,57.0,6.0,1.0
212.0,51.0,7.0
208.0,1.0,34.0,15.0
256.0,50.0,2.0
275.0,67.0,3.0,1.0
202.0,44.0,11.0
200.0,1.0,43.0
279.0,52.0,1.0
40.0,312.0,47.0
56.0,244.0,1.0
66.0,287.0
78.0,318.0
60.0,287.0
56.0,257.0,4.0
43.0,213.0
75.0,299.0
67.0,287.0
56.0,298.0,11.0
45.0,270.0,6.0,1.0
84.0,268.0,1.0
57.0,293.0,2.0
45.0,299.0,2.0
62.0,276.0
43.0,227.0
65.0,251.0
69.0,299.0
52.0,241.0
59.0,260.0
59.0,296.0
56.0,237.0,2.0
54.0,268.0
56.0,267.0,1.0
43.0,225.0,2.0
72.0,263.0,1.0,1.0
49.0,249.0,1.0
49.0,287.0
56.0,249.0
47.0,254.0,9.0
260.0,53.0
250.0,61.0
254.0,70.0
263.0,60.0
250.0,51.0
251.0,53.0
11.0,262.0,1.0,36.0,4.0
291.0,63.0,8.0
260.0,50.0
2.0,311.0,78.0,2.0
1.0,266.0,62.0
251.0,57.0
244.0,47.0
276.0,59.0
272.0,1.0,56.0
234.0,58.0
231.0,74.0
239.0,51.0
252.0,62.0
234.0,55.0
202.0,54.0
304.0,1.0,67.0
295.0,71.0
268.0,12.0,6.0,44.0
3.0,243.0,22.0,50.0
216.0,40.0,67.0
212.0,64.0,76.0
162.0,53.0,45.0
203.0,51.0,57.0
136.0,68.0,37.0
114.0,141.0,1.0,74.0
131.0,136.0,16.0,41.0,1.0
99.0,212.0,15.0,47.0
84.0,197.0,34.0,50.0,1.0
36.0,244.0,60.0,2.0,2.0
26.0,269.0,72.0
2.0,266.0,70.0,1.0
4.0,281.0,76.0
245.0,38.0,1.0
2.0,251.0,58.0,1.0,10.0
5.0,249.0,61.0,22.0
9.0,237.0,53.0,6.0
8.0,274.0,66.0,13.0
16.0,235.0,74.0,14.0
249.0,59.0,30.0
227.0,61.0,37.0
201.0,62.0,44.0
210.0,69.0,68.0
1.0,248.0,69.0,54.0
1.0,216.0,57.0,59.0
234.0,66.0,56.0
197.0,50.0,11.0,84.0
1.0,167.0,54.0,117.0
165.0,86.0,152.0
132.0,53.0,140.0
91.0,54.0,143.0
2.0,1.0,143.0,57.0,6.0,183.0
2.0,134.0,59.0,12.0,2.0,152.0
111.0,48.0,1.0,202.0
115.0,79.0,200.0
98.0,68.0,216.0
38.0,54.0,265.0
46.0,66.0,258.0
4.0,32.0,59.0,1.0,290.0
7.0,17.0,15.0,57.0,276.0
1.0,26.0,12.0,50.0,249.0
3.0,28.0,63.0,260.0
4.0,12.0,59.0,263.0
9.0,85.0,328.0
4.0,71.0,309.0
7.0,61.0,306.0
7.0,54.0,262.0
10.0,58.0,302.0
19.0,68.0,299.0
13.0,72.0,257.0
13.0,53.0,251.0
26.0,54.0,275.0
1.0,78.0,290.0
72.0,1.0,277.0
5.0,86.0,3.0,284.0
4.0,42.0,3.0,265.0
8.0,68.0,5.0,302.0
13.0,83.0,2.0,303.0
16.0,86.0,1.0,259.0
13.0,54.0,6.0,278.0
3.0,67.0,17.0,309.0,2.0
76.0,32.0,315.0
1.0,86.0,49.0,289.0
63.0,65.0,224.0
1.0,86.0,68.0,260.0
1.0,62.0,56.0,270.0
6.0,48.0,74.0,212.0
2.0,54.0,103.0,223.0
2.0,78.0,113.0,191.0
57.0,126.0,203.0
2.0,78.0,124.0,176.0
1.0,64.0,141.0,167.0
64.0,155.0,120.0
59.0,220.0,104.0
50.0,217.0,65.0
53.0,249.0,44.0
39.0,296.0,37.0,15.0
1.0,26.0,249.0,50.0,31.0
2.0,9.0,242.0,35.0,62.0
10.0,21.0,267.0,44.0,49.0
17.0,7.0,240.0,25.0,39.0
16.0,11.0,271.0,14.0,63.0
30.0,24.0,2.0,282.0,2.0,69.0
26.0,18.0,273.0,49.0
274.0,53.0,22.0,30.0
189.0,99.0,16.0,1.0,67.0
179.0,123.0,69.0
179.0,133.0,1.0,58.0
156.0,134.0,84.0
35.0,138.0,1.0,172.0,38.0
54.0,171.0,136.0,8.0
72.0,127.0,1.0,173.0
61.0,133.0,178.0
81.0,134.0,182.0,3.0
62.0,122.0,1.0,179.0
71.0,86.0,4.0,225.0
52.0,85.0,18.0,224.0,8.0
80.0,48.0,21.0,247.0
68.0,56.0,47.0,205.0,4.0
80.0,56.0,81.0,220.0
71.0,41.0,81.0,248.0,2.0
51.0,43.0,52.0,1.0,194.0,7.0
55.0,35.0,111.0,17.0,149.0,12.0
73.0,13.0,168.0,14.0,149.0,3.0,2.0,1.0
51.0,9.0,220.0,46.0,111.0
28.0,3.0,209.0,63.0,124.0
36.0,1.0,231.0,17.0,82.0
41.0,249.0,33.0,64.0
68.0,265.0,6.0,42.0
260.0,54.0,33.0
347.0,77.0,9.0,2.0
326.0,61.0,7.0
359.0,63.0,19.0
300.0,63.0,5.0
387.0,70.0,14.0
341.0,60.0,27.0
324.0,52.0,10.0,2.0
310.0,71.0,6.0
286.0,54.0
317.0,49.0
330.0,61.0,3.0
310.0,64.0,2.0,23.0
296.0,82.0,38.0
273.0,72.0,35.0
307.0,55.0,7.0
310.0,44.0,9.0
319.0,65.0,1.0,9.0
341.0,69.0,7.0,2.0
342.0,45.0,9.0
258.0,4.0,63.0,2.0,20.0
300.0,5.0,53.0,3.0,23.0
299.0,3.0,79.0,2.0,40.0
263.0,62.0,3.0,45.0
63.0,321.0,3.0,28.0,1.0
71.0,270.0,1.0,12.0
59.0,259.0,7.0,29.0
63.0,271.0,28.0
66.0,263.0,49.0
46.0,244.0,31.0
53.0,256.0,78.0
92.0,241.0,91.0
39.0,229.0,103.0
62.0,182.0,140.0
69.0,161.0,175.0
57.0,130.0,202.0
90.0,72.0,214.0
57.0,2.0,67.0,260.0
66.0,10.0,53.0,259.0
42.0,5.0,51.0,274.0
18.0,7.0,48.0,277.0
19.0,56.0,8.0,284.0
13.0,68.0,279.0
10.0,60.0,312.0
22.0,47.0,300.0
10.0,54.0,304.0
14.0,52.0,324.0
18.0,79.0,343.0
7.0,68.0,287.0
11.0,51.0,296.0
6.0,86.0,316.0
8.0,78.0,317.0
19.0,59.0,309.0
5.0,56.0,294.0,1.0
9.0,57.0,312.0
3.0,2.0,45.0,6.0,320.0
8.0,62.0,293.0
3.0,67.0,330.0
8.0,41.0,280.0
6.0,72.0,346.0
13.0,3.0,64.0,309.0,3.0
14.0,10.0,18.0,272.0,40.0
36.0,9.0,8.0,259.0,44.0
26.0,293.0,60.0
33.0,288.0,81.0
33.0,291.0,63.0
42.0,3.0,276.0,44.0
59.0,269.0,78.0
82.0,247.0,95.0
105.0,226.0,91.0
108.0,210.0,76.0
132.0,170.0,76.0
162.0,148.0,72.0
206.0,98.0,57.0
224.0,79.0,62.0
288.0,59.0,74.0
254.0,69.0,66.0
246.0,59.0,54.0
264.0,54.0,49.0
251.0,30.0,63.0
271.0,17.0,45.0
318.0,11.0,62.0
293.0,11.0,54.0
299.0,21.0,2.0,69.0
343.0,3.0,63.0
328.0,2.0,53.0
355.0,6.0,56.0
290.0,1.0,80.0
313.0,1.0,71.0
338.0,67.0
340.0,78.0
309.0,62.0
331.0,65.0
337.0,64.0
297.0,1.0,46.0
282.0,53.0
331.0,19.0,5.0,54.0
299.0,1.0,56.0
310.0,40.0
316.0,54.0
332.0,43.0
303.0,46.0
322.0,54.0
294.0,81.0
315.0,61.0
346.0,43.0
315.0,51.0
275.0,1.0,47.0
290.0,6.0,11.0,47.0
308.0,1.0,7.0,60.0
259.0,23.0,47.0
288.0,25.0,53.0
255.0,24.0,65.0
266.0,1.0,50.0,78.0
265.0,2.0,35.0,79.0
294.0,51.0,57.0
193.0,95.0,37.0
197.0,3.0,1.0,134.0,66.0
187.0,142.0,60.0
142.0,191.0,62.0
144.0,177.0,38.0
123.0,168.0,48.0
144.0,157.0,63.0
140.0,180.0,52.0
104.0,192.0,43.0
107.0,220.0,53.0
90.0,220.0,55.0
72.0,2.0,199.0,36.0
97.0,1.0,198.0,41.0
96.0,207.0,36.0
136.0,210.0,41.0
134.0,1.0,174.0,55.0
114.0,6.0,145.0,31.0
156.0,18.0,156.0,55.0
138.0,12.0,182.0,51.0
137.0,12.0,151.0,37.0
113.0,39.0,175.0,49.0
68.0,57.0,165.0,72.0
50.0,69.0,171.0,45.0
36.0,79.0,175.0,43.0
32.0,125.0,143.0,49.0
1.0,138.0,25.0,124.0,36.0
1.0,167.0,38.0,115.0,41.0
164.0,37.0,107.0,53.0
169.0,42.0,99.0,58.0
155.0,27.0,93.0,74.0
186.0,14.0,69.0,48.0
214.0,15.0,62.0,60.0
210.0,13.0,50.0,60.0
225.0,8.0,2.0,37.0,48.0
248.0,4.0,31.0,32.0
227.0,3.0,28.0,33.0
224.0,4.0,44.0,36.0
254.0,1.0,36.0,45.0
255.0,2.0,28.0,31.0
2.0,288.0,1.0,31.0,47.0
4.0,248.0,5.0,25.0,30.0
1.0,300.0,2.0,21.0,51.0
274.0,9.0,41.0
284.0,5.0,3.0,37.0
317.0,15.0,21.0
263.0,11.0,18.0
4.0,261.0,17.0,18.0
5.0,245.0,12.0,32.0
10.0,241.0,16.0,6.0
10.0,250.0,14.0,12.0
9.0,242.0,20.0,34.0
10.0,279.0,18.0,38.0
12.0,295.0,27.0,17.0
3.0,316.0,22.0,25.0
316.0,4.0,49.0
268.0,9.0,3.0,20.0
281.0,54.0,1.0
245.0,41.0
283.0,46.0
284.0,36.0
267.0,46.0
279.0,37.0
290.0,39.0
1.0,262.0,28.0
278.0,34.0
36.0,5.0,304.0,1.0
44.0,292.0
31.0,282.0
30.0,286.0,3.0
57.0,283.0
1.0,23.0,281.0
46.0,270.0
24.0,257.0
9.0,261.0,23.0
263.0,48.0
281.0,41.0
1.0,278.0,70.0
305.0,46.0
287.0,52.0
1.0,308.0,53.0
265.0,33.0
1.0,252.0,28.0
253.0,46.0
284.0,43.0
255.0,30.0
3.0,266.0,2.0,33.0
5.0,267.0,26.0
3.0,266.0,30.0
1.0,281.0,47.0
2.0,297.0,45.0
1.0,244.0,26.0
4.0,268.0,31.0
3.0,298.0,31.0
3.0,263.0,40.0
277.0,45.0
302.0,33.0
265.0,43.0
276.0,3.0,35.0
24.0,289.0,1.0,11.0
19.0,254.0
24.0,232.0
43.0,268.0
27.0,258.0
29.0,268.0,2.0
38.0,286.0,11.0
